step,molecule_id,molecule_type,measurement_type,measurement_id,value,equilibrium,deviation
0,0,methane,bond,0,1.083986,1.090000,0.006014
0,0,methane,bond,1,1.095714,1.090000,0.005714
0,0,methane,bond,2,1.080938,1.090000,0.009062
0,0,methane,bond,3,1.102957,1.090000,0.012957
0,0,methane,angle,0,110.937009,109.500000,1.437009
0,0,methane,angle,1,110.071314,109.500000,0.571314
0,0,methane,angle,2,109.136521,109.500000,0.363479
0,0,methane,angle,3,109.663638,109.500000,0.163638
0,0,methane,angle,4,107.959021,109.500000,1.540979
0,0,methane,angle,5,109.023343,109.500000,0.476657
0,1,water,bond,0,0.958080,0.960000,0.001920
0,1,water,bond,1,0.966436,0.960000,0.006436
0,1,water,angle,0,104.856255,104.500000,0.356255
0,2,co2,bond,0,1.165067,1.160000,0.005067
0,2,co2,bond,1,1.149337,1.160000,0.010663
0,2,co2,angle,0,178.916505,180.000000,1.083495
0,3,ammonia,bond,0,0.999494,1.010000,0.010506
0,3,ammonia,bond,1,1.010453,1.010000,0.000453
0,3,ammonia,bond,2,1.010627,1.010000,0.000627
0,3,ammonia,angle,0,105.939589,107.000000,1.060411
0,3,ammonia,angle,1,107.624489,107.000000,0.624489
0,3,ammonia,angle,2,105.863331,107.000000,1.136669
0,4,acetylene,bond,0,1.060669,1.060000,0.000669
0,4,acetylene,bond,1,1.193396,1.200000,0.006604
0,4,acetylene,bond,2,1.065341,1.060000,0.005341
0,4,acetylene,angle,0,178.328335,180.000000,1.671665
0,4,acetylene,angle,1,178.401245,180.000000,1.598755
0,5,hcl,bond,0,1.273482,1.270000,0.003482
5,0,methane,bond,0,1.085187,1.090000,0.004813
5,0,methane,bond,1,1.096974,1.090000,0.006974
5,0,methane,bond,2,1.083360,1.090000,0.006640
5,0,methane,bond,3,1.101654,1.090000,0.011654
5,0,methane,angle,0,110.782183,109.500000,1.282183
5,0,methane,angle,1,109.972507,109.500000,0.472507
5,0,methane,angle,2,109.197895,109.500000,0.302105
5,0,methane,angle,3,109.484135,109.500000,0.015865
5,0,methane,angle,4,108.013987,109.500000,1.486013
5,0,methane,angle,5,109.352550,109.500000,0.147450
5,1,water,bond,0,0.960632,0.960000,0.000632
5,1,water,bond,1,0.968458,0.960000,0.008458
5,1,water,angle,0,104.858597,104.500000,0.358597
5,2,co2,bond,0,1.165138,1.160000,0.005138
5,2,co2,bond,1,1.149677,1.160000,0.010323
5,2,co2,angle,0,178.909053,180.000000,1.090947
5,3,ammonia,bond,0,1.002606,1.010000,0.007394
5,3,ammonia,bond,1,1.009190,1.010000,0.000810
5,3,ammonia,bond,2,1.006464,1.010000,0.003536
5,3,ammonia,angle,0,105.916683,107.000000,1.083317
5,3,ammonia,angle,1,107.583909,107.000000,0.583909
5,3,ammonia,angle,2,105.808058,107.000000,1.191942
5,4,acetylene,bond,0,1.060017,1.060000,0.000017
5,4,acetylene,bond,1,1.193481,1.200000,0.006519
5,4,acetylene,bond,2,1.066249,1.060000,0.006249
5,4,acetylene,angle,0,178.233553,180.000000,1.766447
5,4,acetylene,angle,1,178.256814,180.000000,1.743186
5,5,hcl,bond,0,1.272696,1.270000,0.002696
10,0,methane,bond,0,1.086423,1.090000,0.003577
10,0,methane,bond,1,1.098271,1.090000,0.008271
10,0,methane,bond,2,1.085829,1.090000,0.004171
10,0,methane,bond,3,1.100386,1.090000,0.010386
10,0,methane,angle,0,110.627483,109.500000,1.127483
10,0,methane,angle,1,109.872824,109.500000,0.372824
10,0,methane,angle,2,109.258572,109.500000,0.241428
10,0,methane,angle,3,109.304086,109.500000,0.195914
10,0,methane,angle,4,108.068702,109.500000,1.431298
10,0,methane,angle,5,109.681083,109.500000,0.181083
10,1,water,bond,0,0.963218,0.960000,0.003218
10,1,water,bond,1,0.970513,0.960000,0.010513
10,1,water,angle,0,104.860584,104.500000,0.360584
10,2,co2,bond,0,1.165207,1.160000,0.005207
10,2,co2,bond,1,1.150024,1.160000,0.009976
10,2,co2,angle,0,178.897967,180.000000,1.102033
10,3,ammonia,bond,0,1.005709,1.010000,0.004291
10,3,ammonia,bond,1,1.007964,1.010000,0.002036
10,3,ammonia,bond,2,1.002336,1.010000,0.007664
10,3,ammonia,angle,0,105.892847,107.000000,1.107153
10,3,ammonia,angle,1,107.540352,107.000000,0.540352
10,3,ammonia,angle,2,105.752243,107.000000,1.247757
10,4,acetylene,bond,0,1.059343,1.060000,0.000657
10,4,acetylene,bond,1,1.193572,1.200000,0.006428
10,4,acetylene,bond,2,1.067128,1.060000,0.007128
10,4,acetylene,angle,0,178.134424,180.000000,1.865576
10,4,acetylene,angle,1,178.110421,180.000000,1.889579
10,5,hcl,bond,0,1.271887,1.270000,0.001887
15,0,methane,bond,0,1.087693,1.090000,0.002307
15,0,methane,bond,1,1.099601,1.090000,0.009601
15,0,methane,bond,2,1.088348,1.090000,0.001652
15,0,methane,bond,3,1.099151,1.090000,0.009151
15,0,methane,angle,0,110.472922,109.500000,0.972922
15,0,methane,angle,1,109.772317,109.500000,0.272317
15,0,methane,angle,2,109.318490,109.500000,0.181510
15,0,methane,angle,3,109.123610,109.500000,0.376390
15,0,methane,angle,4,108.123130,109.500000,1.376870
15,0,methane,angle,5,110.008891,109.500000,0.508891
15,1,water,bond,0,0.965836,0.960000,0.005836
15,1,water,bond,1,0.972601,0.960000,0.012601
15,1,water,angle,0,104.862455,104.500000,0.362455
15,2,co2,bond,0,1.165276,1.160000,0.005276
15,2,co2,bond,1,1.150375,1.160000,0.009625
15,2,co2,angle,0,178.883412,180.000000,1.116588
15,3,ammonia,bond,0,1.008805,1.010000,0.001195
15,3,ammonia,bond,1,1.006770,1.010000,0.003230
15,3,ammonia,bond,2,0.998245,1.010000,0.011755
15,3,ammonia,angle,0,105.868317,107.000000,1.131683
15,3,ammonia,angle,1,107.493601,107.000000,0.493601
15,3,ammonia,angle,2,105.696087,107.000000,1.303913
15,4,acetylene,bond,0,1.058644,1.060000,0.001356
15,4,acetylene,bond,1,1.193669,1.200000,0.006331
15,4,acetylene,bond,2,1.067980,1.060000,0.007980
15,4,acetylene,angle,0,178.031704,180.000000,1.968296
15,4,acetylene,angle,1,177.962299,180.000000,2.037701
15,5,hcl,bond,0,1.271055,1.270000,0.001055
20,0,methane,bond,0,1.089001,1.090000,0.000999
20,0,methane,bond,1,1.100963,1.090000,0.010963
20,0,methane,bond,2,1.090914,1.090000,0.000914
20,0,methane,bond,3,1.097951,1.090000,0.007951
20,0,methane,angle,0,110.318486,109.500000,0.818486
20,0,methane,angle,1,109.671161,109.500000,0.171161
20,0,methane,angle,2,109.377690,109.500000,0.122310
20,0,methane,angle,3,108.942752,109.500000,0.557248
20,0,methane,angle,4,108.177323,109.500000,1.322677
20,0,methane,angle,5,110.335711,109.500000,0.835711
20,1,water,bond,0,0.968486,0.960000,0.008486
20,1,water,bond,1,0.974721,0.960000,0.014721
20,1,water,angle,0,104.864113,104.500000,0.364113
20,2,co2,bond,0,1.165345,1.160000,0.005345
20,2,co2,bond,1,1.150732,1.160000,0.009268
20,2,co2,angle,0,178.865559,180.000000,1.134441
20,3,ammonia,bond,0,1.011890,1.010000,0.001890
20,3,ammonia,bond,1,1.005610,1.010000,0.004390
20,3,ammonia,bond,2,0.994194,1.010000,0.015806
20,3,ammonia,angle,0,105.843407,107.000000,1.156593
20,3,ammonia,angle,1,107.443722,107.000000,0.443722
20,3,ammonia,angle,2,105.639291,107.000000,1.360709
20,4,acetylene,bond,0,1.057925,1.060000,0.002075
20,4,acetylene,bond,1,1.193770,1.200000,0.006230
20,4,acetylene,bond,2,1.068807,1.060000,0.008807
20,4,acetylene,angle,0,177.925800,180.000000,2.074200
20,4,acetylene,angle,1,177.812632,180.000000,2.187368
20,5,hcl,bond,0,1.270203,1.270000,0.000203
25,0,methane,bond,0,1.090338,1.090000,0.000338
25,0,methane,bond,1,1.102361,1.090000,0.012361
25,0,methane,bond,2,1.093531,1.090000,0.003531
25,0,methane,bond,3,1.096788,1.090000,0.006788
25,0,methane,angle,0,110.164422,109.500000,0.664422
25,0,methane,angle,1,109.569073,109.500000,0.069073
25,0,methane,angle,2,109.436298,109.500000,0.063702
25,0,methane,angle,3,108.761650,109.500000,0.738350
25,0,methane,angle,4,108.231161,109.500000,1.268839
25,0,methane,angle,5,110.661482,109.500000,1.161482
25,1,water,bond,0,0.971169,0.960000,0.011169
25,1,water,bond,1,0.976871,0.960000,0.016871
25,1,water,angle,0,104.865422,104.500000,0.365422
25,2,co2,bond,0,1.165413,1.160000,0.005413
25,2,co2,bond,1,1.151093,1.160000,0.008907
25,2,co2,angle,0,178.844572,180.000000,1.155428
25,3,ammonia,bond,0,1.014967,1.010000,0.004967
25,3,ammonia,bond,1,1.004486,1.010000,0.005514
25,3,ammonia,bond,2,0.990184,1.010000,0.019816
25,3,ammonia,angle,0,105.817807,107.000000,1.182193
25,3,ammonia,angle,1,107.391032,107.000000,0.391032
25,3,ammonia,angle,2,105.581713,107.000000,1.418287
25,4,acetylene,bond,0,1.057184,1.060000,0.002816
25,4,acetylene,bond,1,1.193876,1.200000,0.006124
25,4,acetylene,bond,2,1.069608,1.060000,0.009608
25,4,acetylene,angle,0,177.817138,180.000000,2.182862
25,4,acetylene,angle,1,177.661691,180.000000,2.338309
25,5,hcl,bond,0,1.269331,1.270000,0.000669
30,0,methane,bond,0,1.091714,1.090000,0.001714
30,0,methane,bond,1,1.103793,1.090000,0.013793
30,0,methane,bond,2,1.096198,1.090000,0.006198
30,0,methane,bond,3,1.095661,1.090000,0.005661
30,0,methane,angle,0,110.010866,109.500000,0.510866
30,0,methane,angle,1,109.466098,109.500000,0.033902
30,0,methane,angle,2,109.494353,109.500000,0.005647
30,0,methane,angle,3,108.580313,109.500000,0.919687
30,0,methane,angle,4,108.284481,109.500000,1.215519
30,0,methane,angle,5,110.986182,109.500000,1.486182
30,1,water,bond,0,0.973885,0.960000,0.013885
30,1,water,bond,1,0.979049,0.960000,0.019049
30,1,water,angle,0,104.866780,104.500000,0.366780
30,2,co2,bond,0,1.165483,1.160000,0.005483
30,2,co2,bond,1,1.151459,1.160000,0.008541
30,2,co2,angle,0,178.820669,180.000000,1.179331
30,3,ammonia,bond,0,1.018037,1.010000,0.008037
30,3,ammonia,bond,1,1.003395,1.010000,0.006605
30,3,ammonia,bond,2,0.986210,1.010000,0.023790
30,3,ammonia,angle,0,105.791705,107.000000,1.208295
30,3,ammonia,angle,1,107.335484,107.000000,0.335484
30,3,ammonia,angle,2,105.523323,107.000000,1.476677
30,4,acetylene,bond,0,1.056425,1.060000,0.003575
30,4,acetylene,bond,1,1.193986,1.200000,0.006014
30,4,acetylene,bond,2,1.070384,1.060000,0.010384
30,4,acetylene,angle,0,177.706191,180.000000,2.293809
30,4,acetylene,angle,1,177.510054,180.000000,2.489946
30,5,hcl,bond,0,1.268438,1.270000,0.001562
35,0,methane,bond,0,1.093127,1.090000,0.003127
35,0,methane,bond,1,1.105257,1.090000,0.015257
35,0,methane,bond,2,1.098908,1.090000,0.008908
35,0,methane,bond,3,1.094568,1.090000,0.004568
35,0,methane,angle,0,109.857298,109.500000,0.357298
35,0,methane,angle,1,109.362402,109.500000,0.137598
35,0,methane,angle,2,109.551747,109.500000,0.051747
35,0,methane,angle,3,108.398880,109.500000,1.101120
35,0,methane,angle,4,108.337173,109.500000,1.162827
35,0,methane,angle,5,111.310278,109.500000,1.810278
35,1,water,bond,0,0.976635,0.960000,0.016635
35,1,water,bond,1,0.981256,0.960000,0.021256
35,1,water,angle,0,104.867978,104.500000,0.367978
35,2,co2,bond,0,1.165552,1.160000,0.005552
35,2,co2,bond,1,1.151831,1.160000,0.008169
35,2,co2,angle,0,178.793934,180.000000,1.206066
35,3,ammonia,bond,0,1.021098,1.010000,0.011098
35,3,ammonia,bond,1,1.002336,1.010000,0.007664
35,3,ammonia,bond,2,0.982276,1.010000,0.027724
35,3,ammonia,angle,0,105.765025,107.000000,1.234975
35,3,ammonia,angle,1,107.277160,107.000000,0.277160
35,3,ammonia,angle,2,105.464216,107.000000,1.535784
35,4,acetylene,bond,0,1.055646,1.060000,0.004354
35,4,acetylene,bond,1,1.194100,1.200000,0.005900
35,4,acetylene,bond,2,1.071135,1.060000,0.011135
35,4,acetylene,angle,0,177.593262,180.000000,2.406738
35,4,acetylene,angle,1,177.357850,180.000000,2.642150
35,5,hcl,bond,0,1.267523,1.270000,0.002477
40,0,methane,bond,0,1.094578,1.090000,0.004578
40,0,methane,bond,1,1.106755,1.090000,0.016755
40,0,methane,bond,2,1.101663,1.090000,0.011663
40,0,methane,bond,3,1.093510,1.090000,0.003510
40,0,methane,angle,0,109.704018,109.500000,0.204018
40,0,methane,angle,1,109.257950,109.500000,0.242050
40,0,methane,angle,2,109.608403,109.500000,0.108403
40,0,methane,angle,3,108.217287,109.500000,1.282713
40,0,methane,angle,4,108.389446,109.500000,1.110554
40,0,methane,angle,5,111.633483,109.500000,2.133483
40,1,water,bond,0,0.979418,0.960000,0.019418
40,1,water,bond,1,0.983495,0.960000,0.023495
40,1,water,angle,0,104.868949,104.500000,0.368949
40,2,co2,bond,0,1.165621,1.160000,0.005621
40,2,co2,bond,1,1.152208,1.160000,0.007792
40,2,co2,angle,0,178.764596,180.000000,1.235404
40,3,ammonia,bond,0,1.024151,1.010000,0.014151
40,3,ammonia,bond,1,1.001302,1.010000,0.008698
40,3,ammonia,bond,2,0.978382,1.010000,0.031618
40,3,ammonia,angle,0,105.737884,107.000000,1.262116
40,3,ammonia,angle,1,107.216132,107.000000,0.216132
40,3,ammonia,angle,2,105.404865,107.000000,1.595135
40,4,acetylene,bond,0,1.054846,1.060000,0.005154
40,4,acetylene,bond,1,1.194219,1.200000,0.005781
40,4,acetylene,bond,2,1.071859,1.060000,0.011859
40,4,acetylene,angle,0,177.478712,180.000000,2.521288
40,4,acetylene,angle,1,177.205269,180.000000,2.794731
40,5,hcl,bond,0,1.266583,1.270000,0.003417
45,0,methane,bond,0,1.096063,1.090000,0.006063
45,0,methane,bond,1,1.108285,1.090000,0.018285
45,0,methane,bond,2,1.104460,1.090000,0.014460
45,0,methane,bond,3,1.092487,1.090000,0.002487
45,0,methane,angle,0,109.550920,109.500000,0.050920
45,0,methane,angle,1,109.152890,109.500000,0.347110
45,0,methane,angle,2,109.664027,109.500000,0.164027
45,0,methane,angle,3,108.035670,109.500000,1.464330
45,0,methane,angle,4,108.441225,109.500000,1.058775
45,0,methane,angle,5,111.956031,109.500000,2.456031
45,1,water,bond,0,0.982236,0.960000,0.022236
45,1,water,bond,1,0.985766,0.960000,0.025766
45,1,water,angle,0,104.869632,104.500000,0.369632
45,2,co2,bond,0,1.165690,1.160000,0.005690
45,2,co2,bond,1,1.152589,1.160000,0.007411
45,2,co2,angle,0,178.732971,180.000000,1.267029
45,3,ammonia,bond,0,1.027190,1.010000,0.017190
45,3,ammonia,bond,1,1.000299,1.010000,0.009701
45,3,ammonia,bond,2,0.974531,1.010000,0.035469
45,3,ammonia,angle,0,105.710369,107.000000,1.289631
45,3,ammonia,angle,1,107.152164,107.000000,0.152164
45,3,ammonia,angle,2,105.345206,107.000000,1.654794
45,4,acetylene,bond,0,1.054021,1.060000,0.005979
45,4,acetylene,bond,1,1.194342,1.200000,0.005658
45,4,acetylene,bond,2,1.072557,1.060000,0.012557
45,4,acetylene,angle,0,177.362872,180.000000,2.637128
45,4,acetylene,angle,1,177.052280,180.000000,2.947720
45,5,hcl,bond,0,1.265618,1.270000,0.004382
50,0,methane,bond,0,1.097586,1.090000,0.007586
50,0,methane,bond,1,1.109849,1.090000,0.019849
50,0,methane,bond,2,1.107296,1.090000,0.017296
50,0,methane,bond,3,1.091498,1.090000,0.001498
50,0,methane,angle,0,109.398080,109.500000,0.101920
50,0,methane,angle,1,109.047149,109.500000,0.452851
50,0,methane,angle,2,109.718644,109.500000,0.218644
50,0,methane,angle,3,107.854307,109.500000,1.645693
50,0,methane,angle,4,108.492356,109.500000,1.007644
50,0,methane,angle,5,112.277819,109.500000,2.777819
50,1,water,bond,0,0.985088,0.960000,0.025088
50,1,water,bond,1,0.988071,0.960000,0.028071
50,1,water,angle,0,104.870016,104.500000,0.370016
50,2,co2,bond,0,1.165760,1.160000,0.005760
50,2,co2,bond,1,1.152976,1.160000,0.007024
50,2,co2,angle,0,178.699292,180.000000,1.300708
50,3,ammonia,bond,0,1.030222,1.010000,0.020222
50,3,ammonia,bond,1,0.999328,1.010000,0.010672
50,3,ammonia,bond,2,0.970720,1.010000,0.039280
50,3,ammonia,angle,0,105.682249,107.000000,1.317751
50,3,ammonia,angle,1,107.085227,107.000000,0.085227
50,3,ammonia,angle,2,105.284947,107.000000,1.715053
50,4,acetylene,bond,0,1.053175,1.060000,0.006825
50,4,acetylene,bond,1,1.194471,1.200000,0.005529
50,4,acetylene,bond,2,1.073228,1.060000,0.013228
50,4,acetylene,angle,0,177.245823,180.000000,2.754177
50,4,acetylene,angle,1,176.898881,180.000000,3.101119
50,5,hcl,bond,0,1.264629,1.270000,0.005371
55,0,methane,bond,0,1.099141,1.090000,0.009141
55,0,methane,bond,1,1.111447,1.090000,0.021447
55,0,methane,bond,2,1.110173,1.090000,0.020173
55,0,methane,bond,3,1.090543,1.090000,0.000543
55,0,methane,angle,0,109.245470,109.500000,0.254530
55,0,methane,angle,1,108.940955,109.500000,0.559045
55,0,methane,angle,2,109.772241,109.500000,0.272241
55,0,methane,angle,3,107.673038,109.500000,1.826962
55,0,methane,angle,4,108.542930,109.500000,0.957070
55,0,methane,angle,5,112.598768,109.500000,3.098768
55,1,water,bond,0,0.987972,0.960000,0.027972
55,1,water,bond,1,0.990406,0.960000,0.030406
55,1,water,angle,0,104.870206,104.500000,0.370206
55,2,co2,bond,0,1.165829,1.160000,0.005829
55,2,co2,bond,1,1.153368,1.160000,0.006632
55,2,co2,angle,0,178.663677,180.000000,1.336323
55,3,ammonia,bond,0,1.033244,1.010000,0.023244
55,3,ammonia,bond,1,0.998388,1.010000,0.011612
55,3,ammonia,bond,2,0.966953,1.010000,0.043047
55,3,ammonia,angle,0,105.653525,107.000000,1.346475
55,3,ammonia,angle,1,107.015534,107.000000,0.015534
55,3,ammonia,angle,2,105.224358,107.000000,1.775642
55,4,acetylene,bond,0,1.052311,1.060000,0.007689
55,4,acetylene,bond,1,1.194604,1.200000,0.005396
55,4,acetylene,bond,2,1.073873,1.060000,0.013873
55,4,acetylene,angle,0,177.127652,180.000000,2.872348
55,4,acetylene,angle,1,176.745307,180.000000,3.254693
55,5,hcl,bond,0,1.263616,1.270000,0.006384
60,0,methane,bond,0,1.100731,1.090000,0.010731
60,0,methane,bond,1,1.113081,1.090000,0.023081
60,0,methane,bond,2,1.113095,1.090000,0.023095
60,0,methane,bond,3,1.089623,1.090000,0.000377
60,0,methane,angle,0,109.093117,109.500000,0.406883
60,0,methane,angle,1,108.834261,109.500000,0.665739
60,0,methane,angle,2,109.824799,109.500000,0.324799
60,0,methane,angle,3,107.492117,109.500000,2.007883
60,0,methane,angle,4,108.593106,109.500000,0.906894
60,0,methane,angle,5,112.918563,109.500000,3.418563
60,1,water,bond,0,0.990891,0.960000,0.030891
60,1,water,bond,1,0.992774,0.960000,0.032774
60,1,water,angle,0,104.870179,104.500000,0.370179
60,2,co2,bond,0,1.165897,1.160000,0.005897
60,2,co2,bond,1,1.153765,1.160000,0.006235
60,2,co2,angle,0,178.626266,180.000000,1.373734
60,3,ammonia,bond,0,1.036259,1.010000,0.026259
60,3,ammonia,bond,1,0.997482,1.010000,0.012518
60,3,ammonia,bond,2,0.963228,1.010000,0.046772
60,3,ammonia,angle,0,105.624427,107.000000,1.375573
60,3,ammonia,angle,1,106.942980,107.000000,0.057020
60,3,ammonia,angle,2,105.163194,107.000000,1.836806
60,4,acetylene,bond,0,1.051427,1.060000,0.008573
60,4,acetylene,bond,1,1.194741,1.200000,0.005259
60,4,acetylene,bond,2,1.074491,1.060000,0.014491
60,4,acetylene,angle,0,177.008528,180.000000,2.991472
60,4,acetylene,angle,1,176.591516,180.000000,3.408484
60,5,hcl,bond,0,1.262580,1.270000,0.007420
65,0,methane,bond,0,1.102358,1.090000,0.012358
65,0,methane,bond,1,1.114751,1.090000,0.024751
65,0,methane,bond,2,1.116062,1.090000,0.026062
65,0,methane,bond,3,1.088737,1.090000,0.001263
65,0,methane,angle,0,108.941097,109.500000,0.558903
65,0,methane,angle,1,108.727104,109.500000,0.772896
65,0,methane,angle,2,109.876428,109.500000,0.376428
65,0,methane,angle,3,107.311336,109.500000,2.188664
65,0,methane,angle,4,108.642789,109.500000,0.857211
65,0,methane,angle,5,113.237320,109.500000,3.737320
65,1,water,bond,0,0.993838,0.960000,0.033838
65,1,water,bond,1,0.995174,0.960000,0.035174
65,1,water,angle,0,104.869805,104.500000,0.369805
65,2,co2,bond,0,1.165966,1.160000,0.005966
65,2,co2,bond,1,1.154167,1.160000,0.005833
65,2,co2,angle,0,178.587107,180.000000,1.412893
65,3,ammonia,bond,0,1.039264,1.010000,0.029264
65,3,ammonia,bond,1,0.996608,1.010000,0.013392
65,3,ammonia,bond,2,0.959545,1.010000,0.050455
65,3,ammonia,angle,0,105.594794,107.000000,1.405206
65,3,ammonia,angle,1,106.867629,107.000000,0.132371
65,3,ammonia,angle,2,105.101400,107.000000,1.898600
65,4,acetylene,bond,0,1.050527,1.060000,0.009473
65,4,acetylene,bond,1,1.194884,1.200000,0.005116
65,4,acetylene,bond,2,1.075080,1.060000,0.015080
65,4,acetylene,angle,0,176.888457,180.000000,3.111543
65,4,acetylene,angle,1,176.437337,180.000000,3.562663
65,5,hcl,bond,0,1.261520,1.270000,0.008480
70,0,methane,bond,0,1.104021,1.090000,0.014021
70,0,methane,bond,1,1.116455,1.090000,0.026455
70,0,methane,bond,2,1.119076,1.090000,0.029076
70,0,methane,bond,3,1.087886,1.090000,0.002114
70,0,methane,angle,0,108.789501,109.500000,0.710499
70,0,methane,angle,1,108.619780,109.500000,0.880220
70,0,methane,angle,2,109.926987,109.500000,0.426987
70,0,methane,angle,3,107.130559,109.500000,2.369441
70,0,methane,angle,4,108.691826,109.500000,0.808174
70,0,methane,angle,5,113.555132,109.500000,4.055132
70,1,water,bond,0,0.996816,0.960000,0.036816
70,1,water,bond,1,0.997604,0.960000,0.037604
70,1,water,angle,0,104.869316,104.500000,0.369316
70,2,co2,bond,0,1.166033,1.160000,0.006033
70,2,co2,bond,1,1.154574,1.160000,0.005426
70,2,co2,angle,0,178.546302,180.000000,1.453698
70,3,ammonia,bond,0,1.042262,1.010000,0.032262
70,3,ammonia,bond,1,0.995766,1.010000,0.014234
70,3,ammonia,bond,2,0.955903,1.010000,0.054097
70,3,ammonia,angle,0,105.564541,107.000000,1.435459
70,3,ammonia,angle,1,106.789384,107.000000,0.210616
70,3,ammonia,angle,2,105.038780,107.000000,1.961220
70,4,acetylene,bond,0,1.049607,1.060000,0.010393
70,4,acetylene,bond,1,1.195032,1.200000,0.004968
70,4,acetylene,bond,2,1.075640,1.060000,0.015640
70,4,acetylene,angle,0,176.767589,180.000000,3.232411
70,4,acetylene,angle,1,176.282914,180.000000,3.717086
70,5,hcl,bond,0,1.260438,1.270000,0.009562
75,0,methane,bond,0,1.105722,1.090000,0.015722
75,0,methane,bond,1,1.118193,1.090000,0.028193
75,0,methane,bond,2,1.122133,1.090000,0.032133
75,0,methane,bond,3,1.087070,1.090000,0.002930
75,0,methane,angle,0,108.638203,109.500000,0.861797
75,0,methane,angle,1,108.512333,109.500000,0.987667
75,0,methane,angle,2,109.976541,109.500000,0.476541
75,0,methane,angle,3,106.949895,109.500000,2.550105
75,0,methane,angle,4,108.740138,109.500000,0.759862
75,0,methane,angle,5,113.872022,109.500000,4.372022
75,1,water,bond,0,0.999829,0.960000,0.039829
75,1,water,bond,1,1.000064,0.960000,0.040064
75,1,water,angle,0,104.868483,104.500000,0.368483
75,2,co2,bond,0,1.166100,1.160000,0.006100
75,2,co2,bond,1,1.154987,1.160000,0.005013
75,2,co2,angle,0,178.503999,180.000000,1.496001
75,3,ammonia,bond,0,1.045251,1.010000,0.035251
75,3,ammonia,bond,1,0.994957,1.010000,0.015043
75,3,ammonia,bond,2,0.952304,1.010000,0.057696
75,3,ammonia,angle,0,105.533679,107.000000,1.466321
75,3,ammonia,angle,1,106.708312,107.000000,0.291688
75,3,ammonia,angle,2,104.975503,107.000000,2.024497
75,4,acetylene,bond,0,1.048668,1.060000,0.011332
75,4,acetylene,bond,1,1.195184,1.200000,0.004816
75,4,acetylene,bond,2,1.076172,1.060000,0.016172
75,4,acetylene,angle,0,176.645939,180.000000,3.354061
75,4,acetylene,angle,1,176.128288,180.000000,3.871712
75,5,hcl,bond,0,1.259334,1.270000,0.010666
80,0,methane,bond,0,1.107461,1.090000,0.017461
80,0,methane,bond,1,1.119965,1.090000,0.029965
80,0,methane,bond,2,1.125235,1.090000,0.035235
80,0,methane,bond,3,1.086290,1.090000,0.003710
80,0,methane,angle,0,108.487154,109.500000,1.012846
80,0,methane,angle,1,108.404584,109.500000,1.095416
80,0,methane,angle,2,110.024997,109.500000,0.524997
80,0,methane,angle,3,106.769449,109.500000,2.730551
80,0,methane,angle,4,108.787877,109.500000,0.712123
80,0,methane,angle,5,114.188092,109.500000,4.688092
80,1,water,bond,0,1.002874,0.960000,0.042874
80,1,water,bond,1,1.002557,0.960000,0.042557
80,1,water,angle,0,104.867217,104.500000,0.367217
80,2,co2,bond,0,1.166166,1.160000,0.006166
80,2,co2,bond,1,1.155404,1.160000,0.004596
80,2,co2,angle,0,178.460384,180.000000,1.539616
80,3,ammonia,bond,0,1.048226,1.010000,0.038226
80,3,ammonia,bond,1,0.994182,1.010000,0.015818
80,3,ammonia,bond,2,0.948749,1.010000,0.061251
80,3,ammonia,angle,0,105.502225,107.000000,1.497775
80,3,ammonia,angle,1,106.624602,107.000000,0.375398
80,3,ammonia,angle,2,104.911214,107.000000,2.088786
80,4,acetylene,bond,0,1.047709,1.060000,0.012291
80,4,acetylene,bond,1,1.195340,1.200000,0.004660
80,4,acetylene,bond,2,1.076679,1.060000,0.016679
80,4,acetylene,angle,0,176.523721,180.000000,3.476279
80,4,acetylene,angle,1,175.973473,180.000000,4.026527
80,5,hcl,bond,0,1.258207,1.270000,0.011793
85,0,methane,bond,0,1.109233,1.090000,0.019233
85,0,methane,bond,1,1.121770,1.090000,0.031770
85,0,methane,bond,2,1.128382,1.090000,0.038382
85,0,methane,bond,3,1.085548,1.090000,0.004452
85,0,methane,angle,0,108.336580,109.500000,1.163420
85,0,methane,angle,1,108.296657,109.500000,1.203343
85,0,methane,angle,2,110.072335,109.500000,0.572335
85,0,methane,angle,3,106.589006,109.500000,2.910994
85,0,methane,angle,4,108.835205,109.500000,0.664795
85,0,methane,angle,5,114.503129,109.500000,5.003129
85,1,water,bond,0,1.005952,0.960000,0.045952
85,1,water,bond,1,1.005081,0.960000,0.045081
85,1,water,angle,0,104.865566,104.500000,0.365566
85,2,co2,bond,0,1.166231,1.160000,0.006231
85,2,co2,bond,1,1.155828,1.160000,0.004172
85,2,co2,angle,0,178.415642,180.000000,1.584358
85,3,ammonia,bond,0,1.051191,1.010000,0.041191
85,3,ammonia,bond,1,0.993436,1.010000,0.016564
85,3,ammonia,bond,2,0.945237,1.010000,0.064763
85,3,ammonia,angle,0,105.470071,107.000000,1.529929
85,3,ammonia,angle,1,106.538494,107.000000,0.461506
85,3,ammonia,angle,2,104.846195,107.000000,2.153805
85,4,acetylene,bond,0,1.046729,1.060000,0.013271
85,4,acetylene,bond,1,1.195501,1.200000,0.004499
85,4,acetylene,bond,2,1.077161,1.060000,0.017161
85,4,acetylene,angle,0,176.400974,180.000000,3.599026
85,4,acetylene,angle,1,175.818415,180.000000,4.181585
85,5,hcl,bond,0,1.257061,1.270000,0.012939
90,0,methane,bond,0,1.111040,1.090000,0.021040
90,0,methane,bond,1,1.123610,1.090000,0.033610
90,0,methane,bond,2,1.131572,1.090000,0.041572
90,0,methane,bond,3,1.084843,1.090000,0.005157
90,0,methane,angle,0,108.186245,109.500000,1.313755
90,0,methane,angle,1,108.188700,109.500000,1.311300
90,0,methane,angle,2,110.118616,109.500000,0.618616
90,0,methane,angle,3,106.408433,109.500000,3.091567
90,0,methane,angle,4,108.882319,109.500000,0.617681
90,0,methane,angle,5,114.817111,109.500000,5.317111
90,1,water,bond,0,1.009065,0.960000,0.049065
90,1,water,bond,1,1.007637,0.960000,0.047637
90,1,water,angle,0,104.863377,104.500000,0.363377
90,2,co2,bond,0,1.166295,1.160000,0.006295
90,2,co2,bond,1,1.156258,1.160000,0.003742
90,2,co2,angle,0,178.369854,180.000000,1.630146
90,3,ammonia,bond,0,1.054145,1.010000,0.044145
90,3,ammonia,bond,1,0.992723,1.010000,0.017277
90,3,ammonia,bond,2,0.941766,1.010000,0.068234
90,3,ammonia,angle,0,105.437495,107.000000,1.562505
90,3,ammonia,angle,1,106.449437,107.000000,0.550563
90,3,ammonia,angle,2,104.780573,107.000000,2.219427
90,4,acetylene,bond,0,1.045727,1.060000,0.014273
90,4,acetylene,bond,1,1.195666,1.200000,0.004334
90,4,acetylene,bond,2,1.077617,1.060000,0.017617
90,4,acetylene,angle,0,176.277558,180.000000,3.722442
90,4,acetylene,angle,1,175.662956,180.000000,4.337044
90,5,hcl,bond,0,1.255889,1.270000,0.014111
95,0,methane,bond,0,1.112881,1.090000,0.022881
95,0,methane,bond,1,1.125489,1.090000,0.035489
95,0,methane,bond,2,1.134803,1.090000,0.044803
95,0,methane,bond,3,1.084174,1.090000,0.005826
95,0,methane,angle,0,108.036115,109.500000,1.463885
95,0,methane,angle,1,108.080596,109.500000,1.419404
95,0,methane,angle,2,110.164146,109.500000,0.664146
95,0,methane,angle,3,106.227598,109.500000,3.272402
95,0,methane,angle,4,108.929264,109.500000,0.570736
95,0,methane,angle,5,115.129996,109.500000,5.629996
95,1,water,bond,0,1.012212,0.960000,0.052212
95,1,water,bond,1,1.010222,0.960000,0.050222
95,1,water,angle,0,104.860870,104.500000,0.360870
95,2,co2,bond,0,1.166358,1.160000,0.006358
95,2,co2,bond,1,1.156694,1.160000,0.003306
95,2,co2,angle,0,178.323039,180.000000,1.676961
95,3,ammonia,bond,0,1.057089,1.010000,0.047089
95,3,ammonia,bond,1,0.992044,1.010000,0.017956
95,3,ammonia,bond,2,0.938338,1.010000,0.071662
95,3,ammonia,angle,0,105.404119,107.000000,1.595881
95,3,ammonia,angle,1,106.357660,107.000000,0.642340
95,3,ammonia,angle,2,104.714018,107.000000,2.285982
95,4,acetylene,bond,0,1.044703,1.060000,0.015297
95,4,acetylene,bond,1,1.195837,1.200000,0.004163
95,4,acetylene,bond,2,1.078048,1.060000,0.018048
95,4,acetylene,angle,0,176.153507,180.000000,3.846493
95,4,acetylene,angle,1,175.507195,180.000000,4.492805
95,5,hcl,bond,0,1.254697,1.270000,0.015303
100,0,methane,bond,0,1.114760,1.090000,0.024760
100,0,methane,bond,1,1.127402,1.090000,0.037402
100,0,methane,bond,2,1.138074,1.090000,0.048074
100,0,methane,bond,3,1.083543,1.090000,0.006457
100,0,methane,angle,0,107.886432,109.500000,1.613568
100,0,methane,angle,1,107.972209,109.500000,1.527791
100,0,methane,angle,2,110.208688,109.500000,0.708688
100,0,methane,angle,3,106.046718,109.500000,3.453282
100,0,methane,angle,4,108.975826,109.500000,0.524174
100,0,methane,angle,5,115.441971,109.500000,5.941971
100,1,water,bond,0,1.015394,0.960000,0.055394
100,1,water,bond,1,1.012837,0.960000,0.052837
100,1,water,angle,0,104.858171,104.500000,0.358171
100,2,co2,bond,0,1.166422,1.160000,0.006422
100,2,co2,bond,1,1.157135,1.160000,0.002865
100,2,co2,angle,0,178.275252,180.000000,1.724748
100,3,ammonia,bond,0,1.060022,1.010000,0.050022
100,3,ammonia,bond,1,0.991397,1.010000,0.018603
100,3,ammonia,bond,2,0.934950,1.010000,0.075050
100,3,ammonia,angle,0,105.370311,107.000000,1.629689
100,3,ammonia,angle,1,106.263146,107.000000,0.736854
100,3,ammonia,angle,2,104.646791,107.000000,2.353209
100,4,acetylene,bond,0,1.043658,1.060000,0.016342
100,4,acetylene,bond,1,1.196016,1.200000,0.003984
100,4,acetylene,bond,2,1.078452,1.060000,0.018452
100,4,acetylene,angle,0,176.028912,180.000000,3.971088
100,4,acetylene,angle,1,175.351223,180.000000,4.648777
100,5,hcl,bond,0,1.253486,1.270000,0.016514
105,0,methane,bond,0,1.116672,1.090000,0.026672
105,0,methane,bond,1,1.129354,1.090000,0.039354
105,0,methane,bond,2,1.141388,1.090000,0.051388
105,0,methane,bond,3,1.082952,1.090000,0.007048
105,0,methane,angle,0,107.737246,109.500000,1.762754
105,0,methane,angle,1,107.863555,109.500000,1.636445
105,0,methane,angle,2,110.252175,109.500000,0.752175
105,0,methane,angle,3,105.866009,109.500000,3.633991
105,0,methane,angle,4,109.021869,109.500000,0.478131
105,0,methane,angle,5,115.753015,109.500000,6.253015
105,1,water,bond,0,1.018609,0.960000,0.058609
105,1,water,bond,1,1.015481,0.960000,0.055481
105,1,water,angle,0,104.855026,104.500000,0.355026
105,2,co2,bond,0,1.166486,1.160000,0.006486
105,2,co2,bond,1,1.157581,1.160000,0.002419
105,2,co2,angle,0,178.226472,180.000000,1.773528
105,3,ammonia,bond,0,1.062942,1.010000,0.052942
105,3,ammonia,bond,1,0.990780,1.010000,0.019220
105,3,ammonia,bond,2,0.931601,1.010000,0.078399
105,3,ammonia,angle,0,105.336478,107.000000,1.663522
105,3,ammonia,angle,1,106.165803,107.000000,0.834197
105,3,ammonia,angle,2,104.578880,107.000000,2.421120
105,4,acetylene,bond,0,1.042591,1.060000,0.017409
105,4,acetylene,bond,1,1.196200,1.200000,0.003800
105,4,acetylene,bond,2,1.078830,1.060000,0.018830
105,4,acetylene,angle,0,175.903696,180.000000,4.096304
105,4,acetylene,angle,1,175.194884,180.000000,4.805116
105,5,hcl,bond,0,1.252252,1.270000,0.017748
110,0,methane,bond,0,1.118621,1.090000,0.028621
110,0,methane,bond,1,1.131339,1.090000,0.041339
110,0,methane,bond,2,1.144747,1.090000,0.054747
110,0,methane,bond,3,1.082397,1.090000,0.007603
110,0,methane,angle,0,107.588298,109.500000,1.911702
110,0,methane,angle,1,107.754941,109.500000,1.745059
110,0,methane,angle,2,110.294662,109.500000,0.794662
110,0,methane,angle,3,105.685533,109.500000,3.814467
110,0,methane,angle,4,109.067224,109.500000,0.432776
110,0,methane,angle,5,116.063146,109.500000,6.563146
110,1,water,bond,0,1.021857,0.960000,0.061857
110,1,water,bond,1,1.018158,0.960000,0.058158
110,1,water,angle,0,104.851727,104.500000,0.351727
110,2,co2,bond,0,1.166549,1.160000,0.006549
110,2,co2,bond,1,1.158033,1.160000,0.001967
110,2,co2,angle,0,178.176789,180.000000,1.823211
110,3,ammonia,bond,0,1.065848,1.010000,0.055848
110,3,ammonia,bond,1,0.990195,1.010000,0.019805
110,3,ammonia,bond,2,0.928298,1.010000,0.081702
110,3,ammonia,angle,0,105.302257,107.000000,1.697743
110,3,ammonia,angle,1,106.065715,107.000000,0.934285
110,3,ammonia,angle,2,104.510294,107.000000,2.489706
110,4,acetylene,bond,0,1.041504,1.060000,0.018496
110,4,acetylene,bond,1,1.196388,1.200000,0.003612
110,4,acetylene,bond,2,1.079181,1.060000,0.019181
110,4,acetylene,angle,0,175.777870,180.000000,4.222130
110,4,acetylene,angle,1,175.038113,180.000000,4.961887
110,5,hcl,bond,0,1.250993,1.270000,0.019007
115,0,methane,bond,0,1.120605,1.090000,0.030605
115,0,methane,bond,1,1.133358,1.090000,0.043358
115,0,methane,bond,2,1.148149,1.090000,0.058149
115,0,methane,bond,3,1.081876,1.090000,0.008124
115,0,methane,angle,0,107.439641,109.500000,2.060359
115,0,methane,angle,1,107.646404,109.500000,1.853596
115,0,methane,angle,2,110.336333,109.500000,0.836333
115,0,methane,angle,3,105.505284,109.500000,3.994716
115,0,methane,angle,4,109.111961,109.500000,0.388039
115,0,methane,angle,5,116.372078,109.500000,6.872078
115,1,water,bond,0,1.025135,0.960000,0.065135
115,1,water,bond,1,1.020866,0.960000,0.060866
115,1,water,angle,0,104.848432,104.500000,0.348432
115,2,co2,bond,0,1.166611,1.160000,0.006611
115,2,co2,bond,1,1.158490,1.160000,0.001510
115,2,co2,angle,0,178.126306,180.000000,1.873694
115,3,ammonia,bond,0,1.068741,1.010000,0.058741
115,3,ammonia,bond,1,0.989639,1.010000,0.020361
115,3,ammonia,bond,2,0.925038,1.010000,0.084962
115,3,ammonia,angle,0,105.267692,107.000000,1.732308
115,3,ammonia,angle,1,105.963115,107.000000,1.036885
115,3,ammonia,angle,2,104.440919,107.000000,2.559081
115,4,acetylene,bond,0,1.040398,1.060000,0.019602
115,4,acetylene,bond,1,1.196579,1.200000,0.003421
115,4,acetylene,bond,2,1.079508,1.060000,0.019508
115,4,acetylene,angle,0,175.651403,180.000000,4.348597
115,4,acetylene,angle,1,174.881119,180.000000,5.118881
115,5,hcl,bond,0,1.249714,1.270000,0.020286
120,0,methane,bond,0,1.122625,1.090000,0.032625
120,0,methane,bond,1,1.135411,1.090000,0.045411
120,0,methane,bond,2,1.151593,1.090000,0.061593
120,0,methane,bond,3,1.081390,1.090000,0.008610
120,0,methane,angle,0,107.291304,109.500000,2.208696
120,0,methane,angle,1,107.538086,109.500000,1.961914
120,0,methane,angle,2,110.377166,109.500000,0.877166
120,0,methane,angle,3,105.325254,109.500000,4.174746
120,0,methane,angle,4,109.155862,109.500000,0.344138
120,0,methane,angle,5,116.679923,109.500000,7.179923
120,1,water,bond,0,1.028441,0.960000,0.068441
120,1,water,bond,1,1.023604,0.960000,0.063604
120,1,water,angle,0,104.844883,104.500000,0.344883
120,2,co2,bond,0,1.166673,1.160000,0.006673
120,2,co2,bond,1,1.158950,1.160000,0.001050
120,2,co2,angle,0,178.075111,180.000000,1.924889
120,3,ammonia,bond,0,1.071624,1.010000,0.061624
120,3,ammonia,bond,1,0.989115,1.010000,0.020885
120,3,ammonia,bond,2,0.921822,1.010000,0.088178
120,3,ammonia,angle,0,105.232483,107.000000,1.767517
120,3,ammonia,angle,1,105.857978,107.000000,1.142022
120,3,ammonia,angle,2,104.371007,107.000000,2.628993
120,4,acetylene,bond,0,1.039273,1.060000,0.020727
120,4,acetylene,bond,1,1.196776,1.200000,0.003224
120,4,acetylene,bond,2,1.079808,1.060000,0.019808
120,4,acetylene,angle,0,175.524384,180.000000,4.475616
120,4,acetylene,angle,1,174.723995,180.000000,5.276005
120,5,hcl,bond,0,1.248410,1.270000,0.021590
125,0,methane,bond,0,1.124682,1.090000,0.034682
125,0,methane,bond,1,1.137497,1.090000,0.047497
125,0,methane,bond,2,1.155077,1.090000,0.065077
125,0,methane,bond,3,1.080943,1.090000,0.009057
125,0,methane,angle,0,107.143458,109.500000,2.356542
125,0,methane,angle,1,107.429874,109.500000,2.070126
125,0,methane,angle,2,110.417022,109.500000,0.917022
125,0,methane,angle,3,105.145442,109.500000,4.354558
125,0,methane,angle,4,109.199107,109.500000,0.300893
125,0,methane,angle,5,116.986646,109.500000,7.486646
125,1,water,bond,0,1.031781,0.960000,0.071781
125,1,water,bond,1,1.026373,0.960000,0.066373
125,1,water,angle,0,104.840955,104.500000,0.340955
125,2,co2,bond,0,1.166735,1.160000,0.006735
125,2,co2,bond,1,1.159416,1.160000,0.000584
125,2,co2,angle,0,178.023257,180.000000,1.976743
125,3,ammonia,bond,0,1.074500,1.010000,0.064500
125,3,ammonia,bond,1,0.988625,1.010000,0.021375
125,3,ammonia,bond,2,0.918646,1.010000,0.091354
125,3,ammonia,angle,0,105.196424,107.000000,1.803576
125,3,ammonia,angle,1,105.750139,107.000000,1.249861
125,3,ammonia,angle,2,104.300671,107.000000,2.699329
125,4,acetylene,bond,0,1.038132,1.060000,0.021868
125,4,acetylene,bond,1,1.196979,1.200000,0.003021
125,4,acetylene,bond,2,1.080079,1.060000,0.020079
125,4,acetylene,angle,0,175.396749,180.000000,4.603251
125,4,acetylene,angle,1,174.566718,180.000000,5.433282
125,5,hcl,bond,0,1.247089,1.270000,0.022911
130,0,methane,bond,0,1.126772,1.090000,0.036772
130,0,methane,bond,1,1.139620,1.090000,0.049620
130,0,methane,bond,2,1.158602,1.090000,0.068602
130,0,methane,bond,3,1.080532,1.090000,0.009468
130,0,methane,angle,0,106.996273,109.500000,2.503727
130,0,methane,angle,1,107.321627,109.500000,2.178373
130,0,methane,angle,2,110.455918,109.500000,0.955918
130,0,methane,angle,3,104.965792,109.500000,4.534208
130,0,methane,angle,4,109.241738,109.500000,0.258262
130,0,methane,angle,5,117.292269,109.500000,7.792269
130,1,water,bond,0,1.035150,0.960000,0.075150
130,1,water,bond,1,1.029171,0.960000,0.069171
130,1,water,angle,0,104.836399,104.500000,0.336399
130,2,co2,bond,0,1.166796,1.160000,0.006796
130,2,co2,bond,1,1.159886,1.160000,0.000114
130,2,co2,angle,0,177.970852,180.000000,2.029148
130,3,ammonia,bond,0,1.077364,1.010000,0.067364
130,3,ammonia,bond,1,0.988167,1.010000,0.021833
130,3,ammonia,bond,2,0.915511,1.010000,0.094489
130,3,ammonia,angle,0,105.159921,107.000000,1.840079
130,3,ammonia,angle,1,105.639330,107.000000,1.360670
130,3,ammonia,angle,2,104.229504,107.000000,2.770496
130,4,acetylene,bond,0,1.036975,1.060000,0.023025
130,4,acetylene,bond,1,1.197186,1.200000,0.002814
130,4,acetylene,bond,2,1.080324,1.060000,0.020324
130,4,acetylene,angle,0,175.268300,180.000000,4.731700
130,4,acetylene,angle,1,174.409109,180.000000,5.590891
130,5,hcl,bond,0,1.245748,1.270000,0.024252
135,0,methane,bond,0,1.128898,1.090000,0.038898
135,0,methane,bond,1,1.141778,1.090000,0.051778
135,0,methane,bond,2,1.162168,1.090000,0.072168
135,0,methane,bond,3,1.080155,1.090000,0.009845
135,0,methane,angle,0,106.849892,109.500000,2.650108
135,0,methane,angle,1,107.213492,109.500000,2.286508
135,0,methane,angle,2,110.493900,109.500000,0.993900
135,0,methane,angle,3,104.786426,109.500000,4.713574
135,0,methane,angle,4,109.283557,109.500000,0.216443
135,0,methane,angle,5,117.596608,109.500000,8.096608
135,1,water,bond,0,1.038549,0.960000,0.078549
135,1,water,bond,1,1.032000,0.960000,0.072000
135,1,water,angle,0,104.831494,104.500000,0.331494
135,2,co2,bond,0,1.166859,1.160000,0.006859
135,2,co2,bond,1,1.160361,1.160000,0.000361
135,2,co2,angle,0,177.917838,180.000000,2.082162
135,3,ammonia,bond,0,1.080216,1.010000,0.070216
135,3,ammonia,bond,1,0.987740,1.010000,0.022260
135,3,ammonia,bond,2,0.912419,1.010000,0.097581
135,3,ammonia,angle,0,105.122999,107.000000,1.877001
135,3,ammonia,angle,1,105.525899,107.000000,1.474101
135,3,ammonia,angle,2,104.157357,107.000000,2.842643
135,4,acetylene,bond,0,1.035802,1.060000,0.024198
135,4,acetylene,bond,1,1.197397,1.200000,0.002603
135,4,acetylene,bond,2,1.080542,1.060000,0.020542
135,4,acetylene,angle,0,175.139057,180.000000,4.860943
135,4,acetylene,angle,1,174.251102,180.000000,5.748898
135,5,hcl,bond,0,1.244383,1.270000,0.025617
140,0,methane,bond,0,1.131062,1.090000,0.041062
140,0,methane,bond,1,1.143973,1.090000,0.053973
140,0,methane,bond,2,1.165774,1.090000,0.075774
140,0,methane,bond,3,1.079818,1.090000,0.010182
140,0,methane,angle,0,106.704006,109.500000,2.795994
140,0,methane,angle,1,107.105494,109.500000,2.394506
140,0,methane,angle,2,110.530698,109.500000,1.030698
140,0,methane,angle,3,104.607338,109.500000,4.892662
140,0,methane,angle,4,109.324902,109.500000,0.175098
140,0,methane,angle,5,117.899885,109.500000,8.399885
140,1,water,bond,0,1.041978,0.960000,0.081978
140,1,water,bond,1,1.034861,0.960000,0.074861
140,1,water,angle,0,104.826244,104.500000,0.326244
140,2,co2,bond,0,1.166921,1.160000,0.006921
140,2,co2,bond,1,1.160841,1.160000,0.000841
140,2,co2,angle,0,177.864280,180.000000,2.135720
140,3,ammonia,bond,0,1.083059,1.010000,0.073059
140,3,ammonia,bond,1,0.987342,1.010000,0.022658
140,3,ammonia,bond,2,0.909374,1.010000,0.100626
140,3,ammonia,angle,0,105.085498,107.000000,1.914502
140,3,ammonia,angle,1,105.409601,107.000000,1.590399
140,3,ammonia,angle,2,104.084771,107.000000,2.915229
140,4,acetylene,bond,0,1.034613,1.060000,0.025387
140,4,acetylene,bond,1,1.197611,1.200000,0.002389
140,4,acetylene,bond,2,1.080735,1.060000,0.020735
140,4,acetylene,angle,0,175.009082,180.000000,4.990918
140,4,acetylene,angle,1,174.092624,180.000000,5.907376
140,5,hcl,bond,0,1.242994,1.270000,0.027006
145,0,methane,bond,0,1.133259,1.090000,0.043259
145,0,methane,bond,1,1.146202,1.090000,0.056202
145,0,methane,bond,2,1.169421,1.090000,0.079421
145,0,methane,bond,3,1.079518,1.090000,0.010482
145,0,methane,angle,0,106.558658,109.500000,2.941342
145,0,methane,angle,1,106.997656,109.500000,2.502344
145,0,methane,angle,2,110.566167,109.500000,1.066167
145,0,methane,angle,3,104.428658,109.500000,5.071342
145,0,methane,angle,4,109.365885,109.500000,0.134115
145,0,methane,angle,5,118.202005,109.500000,8.702005
145,1,water,bond,0,1.045440,0.960000,0.085440
145,1,water,bond,1,1.037755,0.960000,0.077755
145,1,water,angle,0,104.820550,104.500000,0.320550
145,2,co2,bond,0,1.166984,1.160000,0.006984
145,2,co2,bond,1,1.161325,1.160000,0.001325
145,2,co2,angle,0,177.810038,180.000000,2.189962
145,3,ammonia,bond,0,1.085890,1.010000,0.075890
145,3,ammonia,bond,1,0.986977,1.010000,0.023023
145,3,ammonia,bond,2,0.906375,1.010000,0.103625
145,3,ammonia,angle,0,105.047339,107.000000,1.952661
145,3,ammonia,angle,1,105.290445,107.000000,1.709555
145,3,ammonia,angle,2,104.011628,107.000000,2.988372
145,4,acetylene,bond,0,1.033406,1.060000,0.026594
145,4,acetylene,bond,1,1.197828,1.200000,0.002172
145,4,acetylene,bond,2,1.080903,1.060000,0.020903
145,4,acetylene,angle,0,174.878402,180.000000,5.121598
145,4,acetylene,angle,1,173.933654,180.000000,6.066346
145,5,hcl,bond,0,1.241579,1.270000,0.028421
150,0,methane,bond,0,1.135488,1.090000,0.045488
150,0,methane,bond,1,1.148465,1.090000,0.058465
150,0,methane,bond,2,1.173108,1.090000,0.083108
150,0,methane,bond,3,1.079256,1.090000,0.010744
150,0,methane,angle,0,106.413705,109.500000,3.086295
150,0,methane,angle,1,106.889898,109.500000,2.610102
150,0,methane,angle,2,110.600640,109.500000,1.100640
150,0,methane,angle,3,104.250272,109.500000,5.249728
150,0,methane,angle,4,109.406389,109.500000,0.093611
150,0,methane,angle,5,118.503074,109.500000,9.003074
150,1,water,bond,0,1.048933,0.960000,0.088933
150,1,water,bond,1,1.040680,0.960000,0.080680
150,1,water,angle,0,104.814546,104.500000,0.314546
150,2,co2,bond,0,1.167048,1.160000,0.007048
150,2,co2,bond,1,1.161815,1.160000,0.001815
150,2,co2,angle,0,177.755248,180.000000,2.244752
150,3,ammonia,bond,0,1.088711,1.010000,0.078711
150,3,ammonia,bond,1,0.986644,1.010000,0.023356
150,3,ammonia,bond,2,0.903420,1.010000,0.106580
150,3,ammonia,angle,0,105.008588,107.000000,1.991412
150,3,ammonia,angle,1,105.168582,107.000000,1.831418
150,3,ammonia,angle,2,103.937863,107.000000,3.062137
150,4,acetylene,bond,0,1.032180,1.060000,0.027820
150,4,acetylene,bond,1,1.198048,1.200000,0.001952
150,4,acetylene,bond,2,1.081049,1.060000,0.021049
150,4,acetylene,angle,0,174.747075,180.000000,5.252925
150,4,acetylene,angle,1,173.774042,180.000000,6.225958
150,5,hcl,bond,0,1.240144,1.270000,0.029856
155,0,methane,bond,0,1.137749,1.090000,0.047749
155,0,methane,bond,1,1.150761,1.090000,0.060761
155,0,methane,bond,2,1.176835,1.090000,0.086835
155,0,methane,bond,3,1.079027,1.090000,0.010973
155,0,methane,angle,0,106.269111,109.500000,3.230889
155,0,methane,angle,1,106.782412,109.500000,2.717588
155,0,methane,angle,2,110.634145,109.500000,1.134145
155,0,methane,angle,3,104.072330,109.500000,5.427670
155,0,methane,angle,4,109.446094,109.500000,0.053906
155,0,methane,angle,5,118.803110,109.500000,9.303110
155,1,water,bond,0,1.052458,0.960000,0.092458
155,1,water,bond,1,1.043641,0.960000,0.083641
155,1,water,angle,0,104.808367,104.500000,0.308367
155,2,co2,bond,0,1.167112,1.160000,0.007112
155,2,co2,bond,1,1.162308,1.160000,0.002308
155,2,co2,angle,0,177.699917,180.000000,2.300083
155,3,ammonia,bond,0,1.091522,1.010000,0.081522
155,3,ammonia,bond,1,0.986342,1.010000,0.023658
155,3,ammonia,bond,2,0.900508,1.010000,0.109492
155,3,ammonia,angle,0,104.969494,107.000000,2.030506
155,3,ammonia,angle,1,105.043922,107.000000,1.956078
155,3,ammonia,angle,2,103.863496,107.000000,3.136504
155,4,acetylene,bond,0,1.030939,1.060000,0.029061
155,4,acetylene,bond,1,1.198271,1.200000,0.001729
155,4,acetylene,bond,2,1.081167,1.060000,0.021167
155,4,acetylene,angle,0,174.614990,180.000000,5.385010
155,4,acetylene,angle,1,173.613819,180.000000,6.386181
155,5,hcl,bond,0,1.238691,1.270000,0.031309
160,0,methane,bond,0,1.140040,1.090000,0.050040
160,0,methane,bond,1,1.153089,1.090000,0.063089
160,0,methane,bond,2,1.180603,1.090000,0.090603
160,0,methane,bond,3,1.078832,1.090000,0.011168
160,0,methane,angle,0,106.124937,109.500000,3.375063
160,0,methane,angle,1,106.675092,109.500000,2.824908
160,0,methane,angle,2,110.666850,109.500000,1.166850
160,0,methane,angle,3,103.894927,109.500000,5.605073
160,0,methane,angle,4,109.485029,109.500000,0.014971
160,0,methane,angle,5,119.101925,109.500000,9.601925
160,1,water,bond,0,1.056014,0.960000,0.096014
160,1,water,bond,1,1.046637,0.960000,0.086637
160,1,water,angle,0,104.801758,104.500000,0.301758
160,2,co2,bond,0,1.167177,1.160000,0.007177
160,2,co2,bond,1,1.162806,1.160000,0.002806
160,2,co2,angle,0,177.643979,180.000000,2.356021
160,3,ammonia,bond,0,1.094325,1.010000,0.084325
160,3,ammonia,bond,1,0.986073,1.010000,0.023927
160,3,ammonia,bond,2,0.897639,1.010000,0.112361
160,3,ammonia,angle,0,104.930104,107.000000,2.069896
160,3,ammonia,angle,1,104.916833,107.000000,2.083167
160,3,ammonia,angle,2,103.788297,107.000000,3.211703
160,4,acetylene,bond,0,1.029686,1.060000,0.030314
160,4,acetylene,bond,1,1.198496,1.200000,0.001504
160,4,acetylene,bond,2,1.081260,1.060000,0.021260
160,4,acetylene,angle,0,174.482220,180.000000,5.517780
160,4,acetylene,angle,1,173.453180,180.000000,6.546820
160,5,hcl,bond,0,1.237219,1.270000,0.032781
165,0,methane,bond,0,1.142366,1.090000,0.052366
165,0,methane,bond,1,1.155449,1.090000,0.065449
165,0,methane,bond,2,1.184416,1.090000,0.094416
165,0,methane,bond,3,1.078672,1.090000,0.011328
165,0,methane,angle,0,105.981339,109.500000,3.518661
165,0,methane,angle,1,106.567964,109.500000,2.932036
165,0,methane,angle,2,110.698588,109.500000,1.198588
165,0,methane,angle,3,103.717949,109.500000,5.782051
165,0,methane,angle,4,109.523519,109.500000,0.023519
165,0,methane,angle,5,119.399362,109.500000,9.899362
165,1,water,bond,0,1.059598,0.960000,0.099598
165,1,water,bond,1,1.049663,0.960000,0.089663
165,1,water,angle,0,104.794779,104.500000,0.294779
165,2,co2,bond,0,1.167241,1.160000,0.007241
165,2,co2,bond,1,1.163310,1.160000,0.003310
165,2,co2,angle,0,177.587511,180.000000,2.412489
165,3,ammonia,bond,0,1.097119,1.010000,0.087119
165,3,ammonia,bond,1,0.985838,1.010000,0.024162
165,3,ammonia,bond,2,0.894811,1.010000,0.115189
165,3,ammonia,angle,0,104.890400,107.000000,2.109600
165,3,ammonia,angle,1,104.787262,107.000000,2.212738
165,3,ammonia,angle,2,103.712317,107.000000,3.287683
165,4,acetylene,bond,0,1.028418,1.060000,0.031582
165,4,acetylene,bond,1,1.198723,1.200000,0.001277
165,4,acetylene,bond,2,1.081328,1.060000,0.021328
165,4,acetylene,angle,0,174.348547,180.000000,5.651453
165,4,acetylene,angle,1,173.292080,180.000000,6.707920
165,5,hcl,bond,0,1.235727,1.270000,0.034273
170,0,methane,bond,0,1.144725,1.090000,0.054725
170,0,methane,bond,1,1.157845,1.090000,0.067845
170,0,methane,bond,2,1.188275,1.090000,0.098275
170,0,methane,bond,3,1.078547,1.090000,0.011453
170,0,methane,angle,0,105.838300,109.500000,3.661700
170,0,methane,angle,1,106.461231,109.500000,3.038769
170,0,methane,angle,2,110.729469,109.500000,1.229469
170,0,methane,angle,3,103.541391,109.500000,5.958609
170,0,methane,angle,4,109.561288,109.500000,0.061288
170,0,methane,angle,5,119.695442,109.500000,10.195442
170,1,water,bond,0,1.063214,0.960000,0.103214
170,1,water,bond,1,1.052722,0.960000,0.092722
170,1,water,angle,0,104.787470,104.500000,0.287470
170,2,co2,bond,0,1.167306,1.160000,0.007306
170,2,co2,bond,1,1.163819,1.160000,0.003819
170,2,co2,angle,0,177.530567,180.000000,2.469433
170,3,ammonia,bond,0,1.099903,1.010000,0.089903
170,3,ammonia,bond,1,0.985634,1.010000,0.024366
170,3,ammonia,bond,2,0.892025,1.010000,0.117975
170,3,ammonia,angle,0,104.850376,107.000000,2.149624
170,3,ammonia,angle,1,104.655265,107.000000,2.344735
170,3,ammonia,angle,2,103.635580,107.000000,3.364420
170,4,acetylene,bond,0,1.027135,1.060000,0.032865
170,4,acetylene,bond,1,1.198951,1.200000,0.001049
170,4,acetylene,bond,2,1.081370,1.060000,0.021370
170,4,acetylene,angle,0,174.213974,180.000000,5.786026
170,4,acetylene,angle,1,173.130445,180.000000,6.869555
170,5,hcl,bond,0,1.234212,1.270000,0.035788
175,0,methane,bond,0,1.147120,1.090000,0.057120
175,0,methane,bond,1,1.160275,1.090000,0.070275
175,0,methane,bond,2,1.192178,1.090000,0.102178
175,0,methane,bond,3,1.078462,1.090000,0.011538
175,0,methane,angle,0,105.695728,109.500000,3.804272
175,0,methane,angle,1,106.354759,109.500000,3.145241
175,0,methane,angle,2,110.759589,109.500000,1.259589
175,0,methane,angle,3,103.365478,109.500000,6.134522
175,0,methane,angle,4,109.598146,109.500000,0.098146
175,0,methane,angle,5,119.990268,109.500000,10.490268
175,1,water,bond,0,1.066865,0.960000,0.106865
175,1,water,bond,1,1.055810,0.960000,0.095810
175,1,water,angle,0,104.779674,104.500000,0.279674
175,2,co2,bond,0,1.167373,1.160000,0.007373
175,2,co2,bond,1,1.164332,1.160000,0.004332
175,2,co2,angle,0,177.473177,180.000000,2.526823
175,3,ammonia,bond,0,1.102677,1.010000,0.092677
175,3,ammonia,bond,1,0.985457,1.010000,0.024543
175,3,ammonia,bond,2,0.889281,1.010000,0.120719
175,3,ammonia,angle,0,104.810033,107.000000,2.189967
175,3,ammonia,angle,1,104.520705,107.000000,2.479295
175,3,ammonia,angle,2,103.558180,107.000000,3.441820
175,4,acetylene,bond,0,1.025837,1.060000,0.034163
175,4,acetylene,bond,1,1.199178,1.200000,0.000822
175,4,acetylene,bond,2,1.081389,1.060000,0.021389
175,4,acetylene,angle,0,174.078600,180.000000,5.921400
175,4,acetylene,angle,1,172.968336,180.000000,7.031664
175,5,hcl,bond,0,1.232678,1.270000,0.037322
180,0,methane,bond,0,1.149550,1.090000,0.059550
180,0,methane,bond,1,1.162737,1.090000,0.072737
180,0,methane,bond,2,1.196123,1.090000,0.106123
180,0,methane,bond,3,1.078415,1.090000,0.011585
180,0,methane,angle,0,105.553896,109.500000,3.946104
180,0,methane,angle,1,106.248352,109.500000,3.251648
180,0,methane,angle,2,110.788891,109.500000,1.288891
180,0,methane,angle,3,103.190151,109.500000,6.309849
180,0,methane,angle,4,109.634192,109.500000,0.134192
180,0,methane,angle,5,120.283866,109.500000,10.783866
180,1,water,bond,0,1.070547,0.960000,0.110547
180,1,water,bond,1,1.058929,0.960000,0.098929
180,1,water,angle,0,104.771118,104.500000,0.271118
180,2,co2,bond,0,1.167441,1.160000,0.007441
180,2,co2,bond,1,1.164848,1.160000,0.004848
180,2,co2,angle,0,177.415309,180.000000,2.584691
180,3,ammonia,bond,0,1.105441,1.010000,0.095441
180,3,ammonia,bond,1,0.985314,1.010000,0.024686
180,3,ammonia,bond,2,0.886582,1.010000,0.123418
180,3,ammonia,angle,0,104.769225,107.000000,2.230775
180,3,ammonia,angle,1,104.383383,107.000000,2.616617
180,3,ammonia,angle,2,103.480391,107.000000,3.519609
180,4,acetylene,bond,0,1.024520,1.060000,0.035480
180,4,acetylene,bond,1,1.199406,1.200000,0.000594
180,4,acetylene,bond,2,1.081382,1.060000,0.021382
180,4,acetylene,angle,0,173.942460,180.000000,6.057540
180,4,acetylene,angle,1,172.805900,180.000000,7.194100
180,5,hcl,bond,0,1.231123,1.270000,0.038877
185,0,methane,bond,0,1.152010,1.090000,0.062010
185,0,methane,bond,1,1.165233,1.090000,0.075233
185,0,methane,bond,2,1.200111,1.090000,0.110111
185,0,methane,bond,3,1.078404,1.090000,0.011596
185,0,methane,angle,0,105.412765,109.500000,4.087235
185,0,methane,angle,1,106.141970,109.500000,3.358030
185,0,methane,angle,2,110.817527,109.500000,1.317527
185,0,methane,angle,3,103.015283,109.500000,6.484717
185,0,methane,angle,4,109.669601,109.500000,0.169601
185,0,methane,angle,5,120.576127,109.500000,11.076127
185,1,water,bond,0,1.074258,0.960000,0.114258
185,1,water,bond,1,1.062082,0.960000,0.102082
185,1,water,angle,0,104.761922,104.500000,0.261922
185,2,co2,bond,0,1.167509,1.160000,0.007509
185,2,co2,bond,1,1.165368,1.160000,0.005368
185,2,co2,angle,0,177.356975,180.000000,2.643025
185,3,ammonia,bond,0,1.108192,1.010000,0.098192
185,3,ammonia,bond,1,0.985206,1.010000,0.024794
185,3,ammonia,bond,2,0.883927,1.010000,0.126073
185,3,ammonia,angle,0,104.728073,107.000000,2.271927
185,3,ammonia,angle,1,104.243627,107.000000,2.756373
185,3,ammonia,angle,2,103.402147,107.000000,3.597853
185,4,acetylene,bond,0,1.023187,1.060000,0.036813
185,4,acetylene,bond,1,1.199634,1.200000,0.000366
185,4,acetylene,bond,2,1.081354,1.060000,0.021354
185,4,acetylene,angle,0,173.805600,180.000000,6.194400
185,4,acetylene,angle,1,172.642766,180.000000,7.357234
185,5,hcl,bond,0,1.229547,1.270000,0.040453
190,0,methane,bond,0,1.154503,1.090000,0.064503
190,0,methane,bond,1,1.167762,1.090000,0.077762
190,0,methane,bond,2,1.204138,1.090000,0.114138
190,0,methane,bond,3,1.078429,1.090000,0.011571
190,0,methane,angle,0,105.272095,109.500000,4.227905
190,0,methane,angle,1,106.035694,109.500000,3.464306
190,0,methane,angle,2,110.845291,109.500000,1.345291
190,0,methane,angle,3,102.840907,109.500000,6.659093
190,0,methane,angle,4,109.704671,109.500000,0.204671
190,0,methane,angle,5,120.867094,109.500000,11.367094
190,1,water,bond,0,1.078001,0.960000,0.118001
190,1,water,bond,1,1.065269,0.960000,0.105269
190,1,water,angle,0,104.752415,104.500000,0.252415
190,2,co2,bond,0,1.167578,1.160000,0.007578
190,2,co2,bond,1,1.165894,1.160000,0.005894
190,2,co2,angle,0,177.298129,180.000000,2.701871
190,3,ammonia,bond,0,1.110932,1.010000,0.100932
190,3,ammonia,bond,1,0.985132,1.010000,0.024868
190,3,ammonia,bond,2,0.881314,1.010000,0.128686
190,3,ammonia,angle,0,104.686409,107.000000,2.313591
190,3,ammonia,angle,1,104.101287,107.000000,2.898713
190,3,ammonia,angle,2,103.323368,107.000000,3.676632
190,4,acetylene,bond,0,1.021842,1.060000,0.038158
190,4,acetylene,bond,1,1.199863,1.200000,0.000137
190,4,acetylene,bond,2,1.081303,1.060000,0.021303
190,4,acetylene,angle,0,173.668105,180.000000,6.331895
190,4,acetylene,angle,1,172.479184,180.000000,7.520816
190,5,hcl,bond,0,1.227950,1.270000,0.042050
195,0,methane,bond,0,1.157030,1.090000,0.067030
195,0,methane,bond,1,1.170323,1.090000,0.080323
195,0,methane,bond,2,1.208205,1.090000,0.118205
195,0,methane,bond,3,1.078494,1.090000,0.011506
195,0,methane,angle,0,105.132092,109.500000,4.367908
195,0,methane,angle,1,105.929655,109.500000,3.570345
195,0,methane,angle,2,110.872024,109.500000,1.372024
195,0,methane,angle,3,102.667146,109.500000,6.832854
195,0,methane,angle,4,109.739346,109.500000,0.239346
195,0,methane,angle,5,121.156625,109.500000,11.656625
195,1,water,bond,0,1.081771,0.960000,0.121771
195,1,water,bond,1,1.068489,0.960000,0.108489
195,1,water,angle,0,104.742494,104.500000,0.242494
195,2,co2,bond,0,1.167648,1.160000,0.007648
195,2,co2,bond,1,1.166422,1.160000,0.006422
195,2,co2,angle,0,177.238841,180.000000,2.761159
195,3,ammonia,bond,0,1.113659,1.010000,0.103659
195,3,ammonia,bond,1,0.985092,1.010000,0.024908
195,3,ammonia,bond,2,0.878746,1.010000,0.131254
195,3,ammonia,angle,0,104.644134,107.000000,2.355866
195,3,ammonia,angle,1,103.956369,107.000000,3.043631
195,3,ammonia,angle,2,103.243978,107.000000,3.756022
195,4,acetylene,bond,0,1.020485,1.060000,0.039515
195,4,acetylene,bond,1,1.200092,1.200000,0.000092
195,4,acetylene,bond,2,1.081229,1.060000,0.021229
195,4,acetylene,angle,0,173.529965,180.000000,6.470035
195,4,acetylene,angle,1,172.315146,180.000000,7.684854
195,5,hcl,bond,0,1.226334,1.270000,0.043666
200,0,methane,bond,0,1.159589,1.090000,0.069589
200,0,methane,bond,1,1.172916,1.090000,0.082916
200,0,methane,bond,2,1.212315,1.090000,0.122315
200,0,methane,bond,3,1.078594,1.090000,0.011406
200,0,methane,angle,0,104.992898,109.500000,4.507102
200,0,methane,angle,1,105.823821,109.500000,3.676179
200,0,methane,angle,2,110.897872,109.500000,1.397872
200,0,methane,angle,3,102.494151,109.500000,7.005849
200,0,methane,angle,4,109.773167,109.500000,0.273167
200,0,methane,angle,5,121.444824,109.500000,11.944824
200,1,water,bond,0,1.085570,0.960000,0.125570
200,1,water,bond,1,1.071738,0.960000,0.111738
200,1,water,angle,0,104.731960,104.500000,0.231960
200,2,co2,bond,0,1.167719,1.160000,0.007719
200,2,co2,bond,1,1.166953,1.160000,0.006953
200,2,co2,angle,0,177.178979,180.000000,2.821021
200,3,ammonia,bond,0,1.116378,1.010000,0.106378
200,3,ammonia,bond,1,0.985082,1.010000,0.024918
200,3,ammonia,bond,2,0.876221,1.010000,0.133779
200,3,ammonia,angle,0,104.601509,107.000000,2.398491
200,3,ammonia,angle,1,103.808992,107.000000,3.191008
200,3,ammonia,angle,2,103.163952,107.000000,3.836048
200,4,acetylene,bond,0,1.019113,1.060000,0.040887
200,4,acetylene,bond,1,1.200322,1.200000,0.000322
200,4,acetylene,bond,2,1.081133,1.060000,0.021133
200,4,acetylene,angle,0,173.391217,180.000000,6.608783
200,4,acetylene,angle,1,172.150409,180.000000,7.849591
200,5,hcl,bond,0,1.224697,1.270000,0.045303
205,0,methane,bond,0,1.162183,1.090000,0.072183
205,0,methane,bond,1,1.175538,1.090000,0.085538
205,0,methane,bond,2,1.216467,1.090000,0.126467
205,0,methane,bond,3,1.078729,1.090000,0.011271
205,0,methane,angle,0,104.854224,109.500000,4.645776
205,0,methane,angle,1,105.718159,109.500000,3.781841
205,0,methane,angle,2,110.922725,109.500000,1.422725
205,0,methane,angle,3,102.321876,109.500000,7.178124
205,0,methane,angle,4,109.806276,109.500000,0.306276
205,0,methane,angle,5,121.731982,109.500000,12.231982
205,1,water,bond,0,1.089398,0.960000,0.129398
205,1,water,bond,1,1.075018,0.960000,0.115018
205,1,water,angle,0,104.720705,104.500000,0.220705
205,2,co2,bond,0,1.167791,1.160000,0.007791
205,2,co2,bond,1,1.167488,1.160000,0.007488
205,2,co2,angle,0,177.118784,180.000000,2.881216
205,3,ammonia,bond,0,1.119087,1.010000,0.109087
205,3,ammonia,bond,1,0.985103,1.010000,0.024897
205,3,ammonia,bond,2,0.873740,1.010000,0.136260
205,3,ammonia,angle,0,104.558413,107.000000,2.441587
205,3,ammonia,angle,1,103.659195,107.000000,3.340805
205,3,ammonia,angle,2,103.083330,107.000000,3.916670
205,4,acetylene,bond,0,1.017729,1.060000,0.042271
205,4,acetylene,bond,1,1.200553,1.200000,0.000553
205,4,acetylene,bond,2,1.081014,1.060000,0.021014
205,4,acetylene,angle,0,173.251882,180.000000,6.748118
205,4,acetylene,angle,1,171.985101,180.000000,8.014899
205,5,hcl,bond,0,1.223042,1.270000,0.046958
210,0,methane,bond,0,1.164810,1.090000,0.074810
210,0,methane,bond,1,1.178193,1.090000,0.088193
210,0,methane,bond,2,1.220660,1.090000,0.130660
210,0,methane,bond,3,1.078897,1.090000,0.011103
210,0,methane,angle,0,104.716203,109.500000,4.783797
210,0,methane,angle,1,105.612847,109.500000,3.887153
210,0,methane,angle,2,110.946458,109.500000,1.446458
210,0,methane,angle,3,102.150395,109.500000,7.349605
210,0,methane,angle,4,109.838956,109.500000,0.338956
210,0,methane,angle,5,122.017675,109.500000,12.517675
210,1,water,bond,0,1.093257,0.960000,0.133257
210,1,water,bond,1,1.078330,0.960000,0.118330
210,1,water,angle,0,104.708963,104.500000,0.208963
210,2,co2,bond,0,1.167866,1.160000,0.007866
210,2,co2,bond,1,1.168026,1.160000,0.008026
210,2,co2,angle,0,177.058213,180.000000,2.941787
210,3,ammonia,bond,0,1.121784,1.010000,0.111784
210,3,ammonia,bond,1,0.985152,1.010000,0.024848
210,3,ammonia,bond,2,0.871302,1.010000,0.138698
210,3,ammonia,angle,0,104.515013,107.000000,2.484987
210,3,ammonia,angle,1,103.506815,107.000000,3.493185
210,3,ammonia,angle,2,103.001950,107.000000,3.998050
210,4,acetylene,bond,0,1.016333,1.060000,0.043667
210,4,acetylene,bond,1,1.200782,1.200000,0.000782
210,4,acetylene,bond,2,1.080874,1.060000,0.020874
210,4,acetylene,angle,0,173.111815,180.000000,6.888185
210,4,acetylene,angle,1,171.819364,180.000000,8.180636
210,5,hcl,bond,0,1.221366,1.270000,0.048634
215,0,methane,bond,0,1.167471,1.090000,0.077471
215,0,methane,bond,1,1.180884,1.090000,0.090884
215,0,methane,bond,2,1.224895,1.090000,0.134895
215,0,methane,bond,3,1.079099,1.090000,0.010901
215,0,methane,angle,0,104.578906,109.500000,4.921094
215,0,methane,angle,1,105.507966,109.500000,3.992034
215,0,methane,angle,2,110.969265,109.500000,1.469265
215,0,methane,angle,3,101.979447,109.500000,7.520553
215,0,methane,angle,4,109.871006,109.500000,0.371006
215,0,methane,angle,5,122.302022,109.500000,12.802022
215,1,water,bond,0,1.097148,0.960000,0.137148
215,1,water,bond,1,1.081677,0.960000,0.121677
215,1,water,angle,0,104.696527,104.500000,0.196527
215,2,co2,bond,0,1.167943,1.160000,0.007943
215,2,co2,bond,1,1.168566,1.160000,0.008566
215,2,co2,angle,0,176.997180,180.000000,3.002820
215,3,ammonia,bond,0,1.124469,1.010000,0.114469
215,3,ammonia,bond,1,0.985233,1.010000,0.024767
215,3,ammonia,bond,2,0.868908,1.010000,0.141092
215,3,ammonia,angle,0,104.471245,107.000000,2.528755
215,3,ammonia,angle,1,103.351964,107.000000,3.648036
215,3,ammonia,angle,2,102.919783,107.000000,4.080217
215,4,acetylene,bond,0,1.014924,1.060000,0.045076
215,4,acetylene,bond,1,1.201011,1.200000,0.001011
215,4,acetylene,bond,2,1.080711,1.060000,0.020711
215,4,acetylene,angle,0,172.971052,180.000000,7.028948
215,4,acetylene,angle,1,171.652979,180.000000,8.347021
215,5,hcl,bond,0,1.219667,1.270000,0.050333
220,0,methane,bond,0,1.170163,1.090000,0.080163
220,0,methane,bond,1,1.183610,1.090000,0.093610
220,0,methane,bond,2,1.229166,1.090000,0.139166
220,0,methane,bond,3,1.079339,1.090000,0.010661
220,0,methane,angle,0,104.442201,109.500000,5.057799
220,0,methane,angle,1,105.403219,109.500000,4.096781
220,0,methane,angle,2,110.991421,109.500000,1.491421
220,0,methane,angle,3,101.808797,109.500000,7.691203
220,0,methane,angle,4,109.902688,109.500000,0.402688
220,0,methane,angle,5,122.585107,109.500000,13.085107
220,1,water,bond,0,1.101069,0.960000,0.141069
220,1,water,bond,1,1.085055,0.960000,0.125055
220,1,water,angle,0,104.683485,104.500000,0.183485
220,2,co2,bond,0,1.168023,1.160000,0.008023
220,2,co2,bond,1,1.169108,1.160000,0.009108
220,2,co2,angle,0,176.935743,180.000000,3.064257
220,3,ammonia,bond,0,1.127145,1.010000,0.117145
220,3,ammonia,bond,1,0.985348,1.010000,0.024652
220,3,ammonia,bond,2,0.866558,1.010000,0.143442
220,3,ammonia,angle,0,104.427221,107.000000,2.572779
220,3,ammonia,angle,1,103.194697,107.000000,3.805303
220,3,ammonia,angle,2,102.837225,107.000000,4.162775
220,4,acetylene,bond,0,1.013500,1.060000,0.046500
220,4,acetylene,bond,1,1.201241,1.200000,0.001241
220,4,acetylene,bond,2,1.080523,1.060000,0.020523
220,4,acetylene,angle,0,172.829509,180.000000,7.170491
220,4,acetylene,angle,1,171.486025,180.000000,8.513975
220,5,hcl,bond,0,1.217948,1.270000,0.052052
225,0,methane,bond,0,1.172889,1.090000,0.082889
225,0,methane,bond,1,1.186375,1.090000,0.096375
225,0,methane,bond,2,1.233474,1.090000,0.143474
225,0,methane,bond,3,1.079618,1.090000,0.010382
225,0,methane,angle,0,104.305854,109.500000,5.194146
225,0,methane,angle,1,105.298765,109.500000,4.201235
225,0,methane,angle,2,111.012777,109.500000,1.512777
225,0,methane,angle,3,101.638968,109.500000,7.861032
225,0,methane,angle,4,109.933728,109.500000,0.433728
225,0,methane,angle,5,122.866936,109.500000,13.366936
225,1,water,bond,0,1.105020,0.960000,0.145020
225,1,water,bond,1,1.088463,0.960000,0.128463
225,1,water,angle,0,104.669673,104.500000,0.169673
225,2,co2,bond,0,1.168106,1.160000,0.008106
225,2,co2,bond,1,1.169651,1.160000,0.009651
225,2,co2,angle,0,176.873915,180.000000,3.126085
225,3,ammonia,bond,0,1.129810,1.010000,0.119810
225,3,ammonia,bond,1,0.985498,1.010000,0.024502
225,3,ammonia,bond,2,0.864252,1.010000,0.145748
225,3,ammonia,angle,0,104.382765,107.000000,2.617235
225,3,ammonia,angle,1,103.035349,107.000000,3.964651
225,3,ammonia,angle,2,102.754092,107.000000,4.245908
225,4,acetylene,bond,0,1.012063,1.060000,0.047937
225,4,acetylene,bond,1,1.201471,1.200000,0.001471
225,4,acetylene,bond,2,1.080314,1.060000,0.020314
225,4,acetylene,angle,0,172.687418,180.000000,7.312582
225,4,acetylene,angle,1,171.318510,180.000000,8.681490
225,5,hcl,bond,0,1.216208,1.270000,0.053792
230,0,methane,bond,0,1.175647,1.090000,0.085647
230,0,methane,bond,1,1.189178,1.090000,0.099178
230,0,methane,bond,2,1.237820,1.090000,0.147820
230,0,methane,bond,3,1.079934,1.090000,0.010066
230,0,methane,angle,0,104.170062,109.500000,5.329938
230,0,methane,angle,1,105.194867,109.500000,4.305133
230,0,methane,angle,2,111.033182,109.500000,1.533182
230,0,methane,angle,3,101.469762,109.500000,8.030238
230,0,methane,angle,4,109.964200,109.500000,0.464200
230,0,methane,angle,5,123.147404,109.500000,13.647404
230,1,water,bond,0,1.109001,0.960000,0.149001
230,1,water,bond,1,1.091902,0.960000,0.131902
230,1,water,angle,0,104.655125,104.500000,0.155125
230,2,co2,bond,0,1.168192,1.160000,0.008192
230,2,co2,bond,1,1.170196,1.160000,0.010196
230,2,co2,angle,0,176.811810,180.000000,3.188190
230,3,ammonia,bond,0,1.132466,1.010000,0.122466
230,3,ammonia,bond,1,0.985681,1.010000,0.024319
230,3,ammonia,bond,2,0.861992,1.010000,0.148008
230,3,ammonia,angle,0,104.337773,107.000000,2.662227
230,3,ammonia,angle,1,102.873610,107.000000,4.126390
230,3,ammonia,angle,2,102.670472,107.000000,4.329528
230,4,acetylene,bond,0,1.010612,1.060000,0.049388
230,4,acetylene,bond,1,1.201703,1.200000,0.001703
230,4,acetylene,bond,2,1.080084,1.060000,0.020084
230,4,acetylene,angle,0,172.544720,180.000000,7.455280
230,4,acetylene,angle,1,171.150385,180.000000,8.849615
230,5,hcl,bond,0,1.214448,1.270000,0.055552
235,0,methane,bond,0,1.178437,1.090000,0.088437
235,0,methane,bond,1,1.192014,1.090000,0.102014
235,0,methane,bond,2,1.242206,1.090000,0.152206
235,0,methane,bond,3,1.080286,1.090000,0.009714
235,0,methane,angle,0,104.034707,109.500000,5.465293
235,0,methane,angle,1,105.091161,109.500000,4.408839
235,0,methane,angle,2,111.052777,109.500000,1.552777
235,0,methane,angle,3,101.301412,109.500000,8.198588
235,0,methane,angle,4,109.994381,109.500000,0.494381
235,0,methane,angle,5,123.426368,109.500000,13.926368
235,1,water,bond,0,1.113010,0.960000,0.153010
235,1,water,bond,1,1.095371,0.960000,0.135371
235,1,water,angle,0,104.639781,104.500000,0.139781
235,2,co2,bond,0,1.168281,1.160000,0.008281
235,2,co2,bond,1,1.170745,1.160000,0.010745
235,2,co2,angle,0,176.749440,180.000000,3.250560
235,3,ammonia,bond,0,1.135114,1.010000,0.125114
235,3,ammonia,bond,1,0.985896,1.010000,0.024104
235,3,ammonia,bond,2,0.859773,1.010000,0.150227
235,3,ammonia,angle,0,104.292351,107.000000,2.707649
235,3,ammonia,angle,1,102.709481,107.000000,4.290519
235,3,ammonia,angle,2,102.586239,107.000000,4.413761
235,4,acetylene,bond,0,1.009148,1.060000,0.050852
235,4,acetylene,bond,1,1.201935,1.200000,0.001935
235,4,acetylene,bond,2,1.079831,1.060000,0.019831
235,4,acetylene,angle,0,172.401333,180.000000,7.598667
235,4,acetylene,angle,1,170.981527,180.000000,9.018473
235,5,hcl,bond,0,1.212669,1.270000,0.057331
240,0,methane,bond,0,1.181257,1.090000,0.091257
240,0,methane,bond,1,1.194881,1.090000,0.104881
240,0,methane,bond,2,1.246633,1.090000,0.156633
240,0,methane,bond,3,1.080674,1.090000,0.009326
240,0,methane,angle,0,103.899832,109.500000,5.600168
240,0,methane,angle,1,104.987850,109.500000,4.512150
240,0,methane,angle,2,111.071612,109.500000,1.571612
240,0,methane,angle,3,101.133808,109.500000,8.366192
240,0,methane,angle,4,110.024230,109.500000,0.524230
240,0,methane,angle,5,123.703724,109.500000,14.203724
240,1,water,bond,0,1.117047,0.960000,0.157047
240,1,water,bond,1,1.098875,0.960000,0.138875
240,1,water,angle,0,104.623829,104.500000,0.123829
240,2,co2,bond,0,1.168375,1.160000,0.008375
240,2,co2,bond,1,1.171294,1.160000,0.011294
240,2,co2,angle,0,176.686825,180.000000,3.313175
240,3,ammonia,bond,0,1.137753,1.010000,0.127753
240,3,ammonia,bond,1,0.986144,1.010000,0.023856
240,3,ammonia,bond,2,0.857599,1.010000,0.152401
240,3,ammonia,angle,0,104.246408,107.000000,2.753592
240,3,ammonia,angle,1,102.542936,107.000000,4.457064
240,3,ammonia,angle,2,102.501589,107.000000,4.498411
240,4,acetylene,bond,0,1.007669,1.060000,0.052331
240,4,acetylene,bond,1,1.202168,1.200000,0.002168
240,4,acetylene,bond,2,1.079554,1.060000,0.019554
240,4,acetylene,angle,0,172.257155,180.000000,7.742845
240,4,acetylene,angle,1,170.812091,180.000000,9.187909
240,5,hcl,bond,0,1.210870,1.270000,0.059130
245,0,methane,bond,0,1.184112,1.090000,0.094112
245,0,methane,bond,1,1.197782,1.090000,0.107782
245,0,methane,bond,2,1.251101,1.090000,0.161101
245,0,methane,bond,3,1.081098,1.090000,0.008902
245,0,methane,angle,0,103.765413,109.500000,5.734587
245,0,methane,angle,1,104.884889,109.500000,4.615111
245,0,methane,angle,2,111.089834,109.500000,1.589834
245,0,methane,angle,3,100.966960,109.500000,8.533040
245,0,methane,angle,4,110.053554,109.500000,0.553554
245,0,methane,angle,5,123.979577,109.500000,14.479577
245,1,water,bond,0,1.121115,0.960000,0.161115
245,1,water,bond,1,1.102412,0.960000,0.142412
245,1,water,angle,0,104.607102,104.500000,0.107102
245,2,co2,bond,0,1.168471,1.160000,0.008471
245,2,co2,bond,1,1.171846,1.160000,0.011846
245,2,co2,angle,0,176.623838,180.000000,3.376162
245,3,ammonia,bond,0,1.140382,1.010000,0.130382
245,3,ammonia,bond,1,0.986424,1.010000,0.023576
245,3,ammonia,bond,2,0.855471,1.010000,0.154529
245,3,ammonia,angle,0,104.199832,107.000000,2.800168
245,3,ammonia,angle,1,102.374088,107.000000,4.625912
245,3,ammonia,angle,2,102.416362,107.000000,4.583638
245,4,acetylene,bond,0,1.006179,1.060000,0.053821
245,4,acetylene,bond,1,1.202401,1.200000,0.002401
245,4,acetylene,bond,2,1.079257,1.060000,0.019257
245,4,acetylene,angle,0,172.112053,180.000000,7.887947
245,4,acetylene,angle,1,170.641890,180.000000,9.358110
245,5,hcl,bond,0,1.209054,1.270000,0.060946
250,0,methane,bond,0,1.186999,1.090000,0.096999
250,0,methane,bond,1,1.200718,1.090000,0.110718
250,0,methane,bond,2,1.255607,1.090000,0.165607
250,0,methane,bond,3,1.081560,1.090000,0.008440
250,0,methane,angle,0,103.631664,109.500000,5.868336
250,0,methane,angle,1,104.782374,109.500000,4.717626
250,0,methane,angle,2,111.107274,109.500000,1.607274
250,0,methane,angle,3,100.800453,109.500000,8.699547
250,0,methane,angle,4,110.082402,109.500000,0.582402
250,0,methane,angle,5,124.254179,109.500000,14.754179
250,1,water,bond,0,1.125209,0.960000,0.165209
250,1,water,bond,1,1.105987,0.960000,0.145987
250,1,water,angle,0,104.589535,104.500000,0.089535
250,2,co2,bond,0,1.168572,1.160000,0.008572
250,2,co2,bond,1,1.172399,1.160000,0.012399
250,2,co2,angle,0,176.560561,180.000000,3.439439
250,3,ammonia,bond,0,1.143000,1.010000,0.133000
250,3,ammonia,bond,1,0.986730,1.010000,0.023270
250,3,ammonia,bond,2,0.853390,1.010000,0.156610
250,3,ammonia,angle,0,104.152723,107.000000,2.847277
250,3,ammonia,angle,1,102.202743,107.000000,4.797257
250,3,ammonia,angle,2,102.330338,107.000000,4.669662
250,4,acetylene,bond,0,1.004676,1.060000,0.055324
250,4,acetylene,bond,1,1.202636,1.200000,0.002636
250,4,acetylene,bond,2,1.078936,1.060000,0.018936
250,4,acetylene,angle,0,171.966148,180.000000,8.033852
250,4,acetylene,angle,1,170.471004,180.000000,9.528996
250,5,hcl,bond,0,1.207223,1.270000,0.062777
