step,molecule_id,molecule_type,measurement_type,measurement_id,value,equilibrium,deviation
0,0,methane,bond,0,1.080475,1.090000,0.009525
0,0,methane,bond,1,1.090248,1.090000,0.000248
0,0,methane,bond,2,1.074435,1.090000,0.015565
0,0,methane,bond,3,1.096603,1.090000,0.006603
0,0,methane,angle,0,109.813486,109.500000,0.313486
0,0,methane,angle,1,109.737910,109.500000,0.237910
0,0,methane,angle,2,109.641480,109.500000,0.141480
0,0,methane,angle,3,110.417660,109.500000,0.917660
0,0,methane,angle,4,108.909828,109.500000,0.590172
0,0,methane,angle,5,108.293218,109.500000,1.206782
0,1,water,bond,0,0.960805,0.960000,0.000805
0,1,water,bond,1,0.956019,0.960000,0.003981
0,1,water,angle,0,104.524849,104.500000,0.024849
0,2,co2,bond,0,1.165630,1.160000,0.005630
0,2,co2,bond,1,1.150997,1.160000,0.009003
0,2,co2,angle,0,179.151156,180.000000,0.848844
0,3,ammonia,bond,0,1.003088,1.010000,0.006912
0,3,ammonia,bond,1,1.004195,1.010000,0.005805
0,3,ammonia,bond,2,1.017356,1.010000,0.007356
0,3,ammonia,angle,0,107.958914,107.000000,0.958914
0,3,ammonia,angle,1,107.746486,107.000000,0.746486
0,3,ammonia,angle,2,107.305547,107.000000,0.305547
0,4,acetylene,bond,0,1.074107,1.060000,0.014107
0,4,acetylene,bond,1,1.195547,1.200000,0.004453
0,4,acetylene,bond,2,1.059678,1.060000,0.000322
0,4,acetylene,angle,0,179.079634,180.000000,0.920366
0,4,acetylene,angle,1,178.365055,180.000000,1.634945
0,5,hcl,bond,0,1.268493,1.270000,0.001507
5,0,methane,bond,0,1.081849,1.090000,0.008151
5,0,methane,bond,1,1.087903,1.090000,0.002097
5,0,methane,bond,2,1.076122,1.090000,0.013878
5,0,methane,bond,3,1.095634,1.090000,0.005634
5,0,methane,angle,0,109.918314,109.500000,0.418314
5,0,methane,angle,1,109.799594,109.500000,0.299594
5,0,methane,angle,2,109.551164,109.500000,0.051164
5,0,methane,angle,3,110.399531,109.500000,0.899531
5,0,methane,angle,4,108.803492,109.500000,0.696508
5,0,methane,angle,5,108.337916,109.500000,1.162084
5,1,water,bond,0,0.961106,0.960000,0.001106
5,1,water,bond,1,0.955360,0.960000,0.004640
5,1,water,angle,0,104.581484,104.500000,0.081484
5,2,co2,bond,0,1.165529,1.160000,0.005529
5,2,co2,bond,1,1.150948,1.160000,0.009052
5,2,co2,angle,0,179.093118,180.000000,0.906882
5,3,ammonia,bond,0,1.004003,1.010000,0.005997
5,3,ammonia,bond,1,1.009282,1.010000,0.000718
5,3,ammonia,bond,2,1.016461,1.010000,0.006461
5,3,ammonia,angle,0,107.825717,107.000000,0.825717
5,3,ammonia,angle,1,107.873482,107.000000,0.873482
5,3,ammonia,angle,2,107.164548,107.000000,0.164548
5,4,acetylene,bond,0,1.073901,1.060000,0.013901
5,4,acetylene,bond,1,1.195605,1.200000,0.004395
5,4,acetylene,bond,2,1.055383,1.060000,0.004617
5,4,acetylene,angle,0,179.111930,180.000000,0.888070
5,4,acetylene,angle,1,178.460265,180.000000,1.539735
5,5,hcl,bond,0,1.267725,1.270000,0.002275
10,0,methane,bond,0,1.083258,1.090000,0.006742
10,0,methane,bond,1,1.085587,1.090000,0.004413
10,0,methane,bond,2,1.077842,1.090000,0.012158
10,0,methane,bond,3,1.094696,1.090000,0.004696
10,0,methane,angle,0,110.023394,109.500000,0.523394
10,0,methane,angle,1,109.861008,109.500000,0.361008
10,0,methane,angle,2,109.460944,109.500000,0.039056
10,0,methane,angle,3,110.381229,109.500000,0.881229
10,0,methane,angle,4,108.696924,109.500000,0.803076
10,0,methane,angle,5,108.382691,109.500000,1.117309
10,1,water,bond,0,0.961445,0.960000,0.001445
10,1,water,bond,1,0.954739,0.960000,0.005261
10,1,water,angle,0,104.637881,104.500000,0.137881
10,2,co2,bond,0,1.165428,1.160000,0.005428
10,2,co2,bond,1,1.150904,1.160000,0.009096
10,2,co2,angle,0,179.034843,180.000000,0.965157
10,3,ammonia,bond,0,1.004916,1.010000,0.005084
10,3,ammonia,bond,1,1.014400,1.010000,0.004400
10,3,ammonia,bond,2,1.015605,1.010000,0.005605
10,3,ammonia,angle,0,107.691437,107.000000,0.691437
10,3,ammonia,angle,1,107.998430,107.000000,0.998430
10,3,ammonia,angle,2,107.022732,107.000000,0.022732
10,4,acetylene,bond,0,1.073670,1.060000,0.013670
10,4,acetylene,bond,1,1.195670,1.200000,0.004330
10,4,acetylene,bond,2,1.051070,1.060000,0.008930
10,4,acetylene,angle,0,179.144065,180.000000,0.855935
10,4,acetylene,angle,1,178.518199,180.000000,1.481801
10,5,hcl,bond,0,1.266926,1.270000,0.003074
15,0,methane,bond,0,1.084697,1.090000,0.005303
15,0,methane,bond,1,1.083300,1.090000,0.006700
15,0,methane,bond,2,1.079594,1.090000,0.010406
15,0,methane,bond,3,1.093787,1.090000,0.003787
15,0,methane,angle,0,110.128339,109.500000,0.628339
15,0,methane,angle,1,109.922030,109.500000,0.422030
15,0,methane,angle,2,109.371152,109.500000,0.128848
15,0,methane,angle,3,110.362847,109.500000,0.862847
15,0,methane,angle,4,108.590185,109.500000,0.909815
15,0,methane,angle,5,108.427584,109.500000,1.072416
15,1,water,bond,0,0.961820,0.960000,0.001820
15,1,water,bond,1,0.954152,0.960000,0.005848
15,1,water,angle,0,104.694071,104.500000,0.194071
15,2,co2,bond,0,1.165328,1.160000,0.005328
15,2,co2,bond,1,1.150864,1.160000,0.009136
15,2,co2,angle,0,178.976268,180.000000,1.023732
15,3,ammonia,bond,0,1.005827,1.010000,0.004173
15,3,ammonia,bond,1,1.019553,1.010000,0.009553
15,3,ammonia,bond,2,1.014789,1.010000,0.004789
15,3,ammonia,angle,0,107.555819,107.000000,0.555819
15,3,ammonia,angle,1,108.121092,107.000000,1.121092
15,3,ammonia,angle,2,106.880404,107.000000,0.119596
15,4,acetylene,bond,0,1.073416,1.060000,0.013416
15,4,acetylene,bond,1,1.195741,1.200000,0.004259
15,4,acetylene,bond,2,1.046744,1.060000,0.013256
15,4,acetylene,angle,0,179.176175,180.000000,0.823825
15,4,acetylene,angle,1,178.533673,180.000000,1.466327
15,5,hcl,bond,0,1.266096,1.270000,0.003904
20,0,methane,bond,0,1.086166,1.090000,0.003834
20,0,methane,bond,1,1.081047,1.090000,0.008953
20,0,methane,bond,2,1.081381,1.090000,0.008619
20,0,methane,bond,3,1.092908,1.090000,0.002908
20,0,methane,angle,0,110.233388,109.500000,0.733388
20,0,methane,angle,1,109.982709,109.500000,0.482709
20,0,methane,angle,2,109.281699,109.500000,0.218301
20,0,methane,angle,3,110.344162,109.500000,0.844162
20,0,methane,angle,4,108.483202,109.500000,1.016798
20,0,methane,angle,5,108.472687,109.500000,1.027313
20,1,water,bond,0,0.962233,0.960000,0.002233
20,1,water,bond,1,0.953604,0.960000,0.006396
20,1,water,angle,0,104.749825,104.500000,0.249825
20,2,co2,bond,0,1.165226,1.160000,0.005226
20,2,co2,bond,1,1.150830,1.160000,0.009170
20,2,co2,angle,0,178.917496,180.000000,1.082504
20,3,ammonia,bond,0,1.006738,1.010000,0.003262
20,3,ammonia,bond,1,1.024737,1.010000,0.014737
20,3,ammonia,bond,2,1.014016,1.010000,0.004016
20,3,ammonia,angle,0,107.419151,107.000000,0.419151
20,3,ammonia,angle,1,108.241288,107.000000,1.241288
20,3,ammonia,angle,2,106.737374,107.000000,0.262626
20,4,acetylene,bond,0,1.073138,1.060000,0.013138
20,4,acetylene,bond,1,1.195818,1.200000,0.004182
20,4,acetylene,bond,2,1.042398,1.060000,0.017602
20,4,acetylene,angle,0,179.208234,180.000000,0.791766
20,4,acetylene,angle,1,178.504587,180.000000,1.495413
20,5,hcl,bond,0,1.265237,1.270000,0.004763
25,0,methane,bond,0,1.087665,1.090000,0.002335
25,0,methane,bond,1,1.078826,1.090000,0.011174
25,0,methane,bond,2,1.083201,1.090000,0.006799
25,0,methane,bond,3,1.092059,1.090000,0.002059
25,0,methane,angle,0,110.338468,109.500000,0.838468
25,0,methane,angle,1,110.042893,109.500000,0.542893
25,0,methane,angle,2,109.192865,109.500000,0.307135
25,0,methane,angle,3,110.325258,109.500000,0.825258
25,0,methane,angle,4,108.375901,109.500000,1.124099
25,0,methane,angle,5,108.517941,109.500000,0.982059
25,1,water,bond,0,0.962684,0.960000,0.002684
25,1,water,bond,1,0.953091,0.960000,0.006909
25,1,water,angle,0,104.805180,104.500000,0.305180
25,2,co2,bond,0,1.165122,1.160000,0.005122
25,2,co2,bond,1,1.150801,1.160000,0.009199
25,2,co2,angle,0,178.858572,180.000000,1.141428
25,3,ammonia,bond,0,1.007649,1.010000,0.002351
25,3,ammonia,bond,1,1.029955,1.010000,0.019955
25,3,ammonia,bond,2,1.013281,1.010000,0.003281
25,3,ammonia,angle,0,107.281572,107.000000,0.281572
25,3,ammonia,angle,1,108.358791,107.000000,1.358791
25,3,ammonia,angle,2,106.593804,107.000000,0.406196
25,4,acetylene,bond,0,1.072840,1.060000,0.012840
25,4,acetylene,bond,1,1.195902,1.200000,0.004098
25,4,acetylene,bond,2,1.038034,1.060000,0.021966
25,4,acetylene,angle,0,179.240340,180.000000,0.759660
25,4,acetylene,angle,1,178.432491,180.000000,1.567509
25,5,hcl,bond,0,1.264349,1.270000,0.005651
30,0,methane,bond,0,1.089193,1.090000,0.000807
30,0,methane,bond,1,1.076637,1.090000,0.013363
30,0,methane,bond,2,1.085054,1.090000,0.004946
30,0,methane,bond,3,1.091245,1.090000,0.001245
30,0,methane,angle,0,110.443471,109.500000,0.943471
30,0,methane,angle,1,110.102796,109.500000,0.602796
30,0,methane,angle,2,109.104420,109.500000,0.395580
30,0,methane,angle,3,110.305908,109.500000,0.805908
30,0,methane,angle,4,108.268529,109.500000,1.231471
30,0,methane,angle,5,108.563459,109.500000,0.936541
30,1,water,bond,0,0.963172,0.960000,0.003172
30,1,water,bond,1,0.952609,0.960000,0.007391
30,1,water,angle,0,104.860495,104.500000,0.360495
30,2,co2,bond,0,1.165018,1.160000,0.005018
30,2,co2,bond,1,1.150778,1.160000,0.009222
30,2,co2,angle,0,178.799619,180.000000,1.200381
30,3,ammonia,bond,0,1.008560,1.010000,0.001440
30,3,ammonia,bond,1,1.035205,1.010000,0.025205
30,3,ammonia,bond,2,1.012582,1.010000,0.002582
30,3,ammonia,angle,0,107.143033,107.000000,0.143033
30,3,ammonia,angle,1,108.473772,107.000000,1.473772
30,3,ammonia,angle,2,106.449472,107.000000,0.550528
30,4,acetylene,bond,0,1.072520,1.060000,0.012520
30,4,acetylene,bond,1,1.195992,1.200000,0.004008
30,4,acetylene,bond,2,1.033653,1.060000,0.026347
30,4,acetylene,angle,0,179.272732,180.000000,0.727268
30,4,acetylene,angle,1,178.321999,180.000000,1.678001
30,5,hcl,bond,0,1.263429,1.270000,0.006571
35,0,methane,bond,0,1.090753,1.090000,0.000753
35,0,methane,bond,1,1.074482,1.090000,0.015518
35,0,methane,bond,2,1.086935,1.090000,0.003065
35,0,methane,bond,3,1.090463,1.090000,0.000463
35,0,methane,angle,0,110.548418,109.500000,1.048418
35,0,methane,angle,1,110.162422,109.500000,0.662422
35,0,methane,angle,2,109.016276,109.500000,0.483724
35,0,methane,angle,3,110.286218,109.500000,0.786218
35,0,methane,angle,4,108.160878,109.500000,1.339122
35,0,methane,angle,5,108.609402,109.500000,0.890598
35,1,water,bond,0,0.963697,0.960000,0.003697
35,1,water,bond,1,0.952162,0.960000,0.007838
35,1,water,angle,0,104.915946,104.500000,0.415946
35,2,co2,bond,0,1.164913,1.160000,0.004913
35,2,co2,bond,1,1.150759,1.160000,0.009241
35,2,co2,angle,0,178.740569,180.000000,1.259431
35,3,ammonia,bond,0,1.009471,1.010000,0.000529
35,3,ammonia,bond,1,1.040487,1.010000,0.030487
35,3,ammonia,bond,2,1.011924,1.010000,0.001924
35,3,ammonia,angle,0,107.003598,107.000000,0.003598
35,3,ammonia,angle,1,108.586233,107.000000,1.586233
35,3,ammonia,angle,2,106.304359,107.000000,0.695641
35,4,acetylene,bond,0,1.072179,1.060000,0.012179
35,4,acetylene,bond,1,1.196087,1.200000,0.003913
35,4,acetylene,bond,2,1.029259,1.060000,0.030741
35,4,acetylene,angle,0,179.305382,180.000000,0.694618
35,4,acetylene,angle,1,178.178810,180.000000,1.821190
35,5,hcl,bond,0,1.262481,1.270000,0.007519
40,0,methane,bond,0,1.092345,1.090000,0.002345
40,0,methane,bond,1,1.072360,1.090000,0.017640
40,0,methane,bond,2,1.088843,1.090000,0.001157
40,0,methane,bond,3,1.089711,1.090000,0.000289
40,0,methane,angle,0,110.653171,109.500000,1.153171
40,0,methane,angle,1,110.221803,109.500000,0.721803
40,0,methane,angle,2,108.928437,109.500000,0.571563
40,0,methane,angle,3,110.266368,109.500000,0.766368
40,0,methane,angle,4,108.053005,109.500000,1.446995
40,0,methane,angle,5,108.655637,109.500000,0.844363
40,1,water,bond,0,0.964259,0.960000,0.004259
40,1,water,bond,1,0.951749,0.960000,0.008251
40,1,water,angle,0,104.971075,104.500000,0.471075
40,2,co2,bond,0,1.164808,1.160000,0.004808
40,2,co2,bond,1,1.150746,1.160000,0.009254
40,2,co2,angle,0,178.681376,180.000000,1.318624
40,3,ammonia,bond,0,1.010387,1.010000,0.000387
40,3,ammonia,bond,1,1.045802,1.010000,0.035802
40,3,ammonia,bond,2,1.011305,1.010000,0.001305
40,3,ammonia,angle,0,106.862998,107.000000,0.137002
40,3,ammonia,angle,1,108.696164,107.000000,1.696164
40,3,ammonia,angle,2,106.158719,107.000000,0.841281
40,4,acetylene,bond,0,1.071817,1.060000,0.011817
40,4,acetylene,bond,1,1.196186,1.200000,0.003814
40,4,acetylene,bond,2,1.024853,1.060000,0.035147
40,4,acetylene,angle,0,179.338136,180.000000,0.661864
40,4,acetylene,angle,1,178.008928,180.000000,1.991072
40,5,hcl,bond,0,1.261504,1.270000,0.008496
45,0,methane,bond,0,1.093967,1.090000,0.003967
45,0,methane,bond,1,1.070269,1.090000,0.019731
45,0,methane,bond,2,1.090780,1.090000,0.000780
45,0,methane,bond,3,1.088991,1.090000,0.001009
45,0,methane,angle,0,110.757793,109.500000,1.257793
45,0,methane,angle,1,110.281201,109.500000,0.781201
45,0,methane,angle,2,108.840927,109.500000,0.659073
45,0,methane,angle,3,110.246285,109.500000,0.746285
45,0,methane,angle,4,107.944692,109.500000,1.555308
45,0,methane,angle,5,108.702095,109.500000,0.797905
45,1,water,bond,0,0.964861,0.960000,0.004861
45,1,water,bond,1,0.951370,0.960000,0.008630
45,1,water,angle,0,105.025856,104.500000,0.525856
45,2,co2,bond,0,1.164702,1.160000,0.004702
45,2,co2,bond,1,1.150739,1.160000,0.009261
45,2,co2,angle,0,178.622041,180.000000,1.377959
45,3,ammonia,bond,0,1.011302,1.010000,0.001302
45,3,ammonia,bond,1,1.051151,1.010000,0.041151
45,3,ammonia,bond,2,1.010728,1.010000,0.000728
45,3,ammonia,angle,0,106.721557,107.000000,0.278443
45,3,ammonia,angle,1,108.803463,107.000000,1.803463
45,3,ammonia,angle,2,106.012534,107.000000,0.987466
45,4,acetylene,bond,0,1.071431,1.060000,0.011431
45,4,acetylene,bond,1,1.196286,1.200000,0.003714
45,4,acetylene,bond,2,1.020437,1.060000,0.039563
45,4,acetylene,angle,0,179.371146,180.000000,0.628854
45,4,acetylene,angle,1,177.817731,180.000000,2.182269
45,5,hcl,bond,0,1.260496,1.270000,0.009504
50,0,methane,bond,0,1.095620,1.090000,0.005620
50,0,methane,bond,1,1.068212,1.090000,0.021788
50,0,methane,bond,2,1.092745,1.090000,0.002745
50,0,methane,bond,3,1.088301,1.090000,0.001699
50,0,methane,angle,0,110.861986,109.500000,1.361986
50,0,methane,angle,1,110.340721,109.500000,0.840721
50,0,methane,angle,2,108.753942,109.500000,0.746058
50,0,methane,angle,3,110.226060,109.500000,0.726060
50,0,methane,angle,4,107.835827,109.500000,1.664173
50,0,methane,angle,5,108.748795,109.500000,0.751205
50,1,water,bond,0,0.965505,0.960000,0.005505
50,1,water,bond,1,0.951024,0.960000,0.008976
50,1,water,angle,0,105.080581,104.500000,0.580581
50,2,co2,bond,0,1.164595,1.160000,0.004595
50,2,co2,bond,1,1.150737,1.160000,0.009263
50,2,co2,angle,0,178.562647,180.000000,1.437353
50,3,ammonia,bond,0,1.012216,1.010000,0.002216
50,3,ammonia,bond,1,1.056531,1.010000,0.046531
50,3,ammonia,bond,2,1.010192,1.010000,0.000192
50,3,ammonia,angle,0,106.579053,107.000000,0.420947
50,3,ammonia,angle,1,108.908409,107.000000,1.908409
50,3,ammonia,angle,2,105.865756,107.000000,1.134244
50,4,acetylene,bond,0,1.071020,1.060000,0.011020
50,4,acetylene,bond,1,1.196387,1.200000,0.003613
50,4,acetylene,bond,2,1.016012,1.060000,0.043988
50,4,acetylene,angle,0,179.404223,180.000000,0.595777
50,4,acetylene,angle,1,177.609540,180.000000,2.390460
50,5,hcl,bond,0,1.259460,1.270000,0.010540
55,0,methane,bond,0,1.097301,1.090000,0.007301
55,0,methane,bond,1,1.066188,1.090000,0.023812
55,0,methane,bond,2,1.094741,1.090000,0.004741
55,0,methane,bond,3,1.087643,1.090000,0.002357
55,0,methane,angle,0,110.966020,109.500000,1.466020
55,0,methane,angle,1,110.400125,109.500000,0.900125
55,0,methane,angle,2,108.667293,109.500000,0.832707
55,0,methane,angle,3,110.205525,109.500000,0.705525
55,0,methane,angle,4,107.726884,109.500000,1.773116
55,0,methane,angle,5,108.795594,109.500000,0.704406
55,1,water,bond,0,0.966188,0.960000,0.006188
55,1,water,bond,1,0.950710,0.960000,0.009290
55,1,water,angle,0,105.135083,104.500000,0.635083
55,2,co2,bond,0,1.164488,1.160000,0.004488
55,2,co2,bond,1,1.150740,1.160000,0.009260
55,2,co2,angle,0,178.503205,180.000000,1.496795
55,3,ammonia,bond,0,1.013129,1.010000,0.003129
55,3,ammonia,bond,1,1.061941,1.010000,0.051941
55,3,ammonia,bond,2,1.009695,1.010000,0.000305
55,3,ammonia,angle,0,106.435354,107.000000,0.564646
55,3,ammonia,angle,1,109.010674,107.000000,2.010674
55,3,ammonia,angle,2,105.718499,107.000000,1.281501
55,4,acetylene,bond,0,1.070590,1.060000,0.010590
55,4,acetylene,bond,1,1.196490,1.200000,0.003510
55,4,acetylene,bond,2,1.011576,1.060000,0.048424
55,4,acetylene,angle,0,179.437466,180.000000,0.562534
55,4,acetylene,angle,1,177.387833,180.000000,2.612167
55,5,hcl,bond,0,1.258394,1.270000,0.011606
60,0,methane,bond,0,1.099013,1.090000,0.009013
60,0,methane,bond,1,1.064199,1.090000,0.025801
60,0,methane,bond,2,1.096765,1.090000,0.006765
60,0,methane,bond,3,1.087021,1.090000,0.002979
60,0,methane,angle,0,111.070116,109.500000,1.570116
60,0,methane,angle,1,110.459570,109.500000,0.959570
60,0,methane,angle,2,108.580984,109.500000,0.919016
60,0,methane,angle,3,110.184699,109.500000,0.684699
60,0,methane,angle,4,107.617382,109.500000,1.882618
60,0,methane,angle,5,108.842555,109.500000,0.657445
60,1,water,bond,0,0.966906,0.960000,0.006906
60,1,water,bond,1,0.950428,0.960000,0.009572
60,1,water,angle,0,105.189502,104.500000,0.689502
60,2,co2,bond,0,1.164382,1.160000,0.004382
60,2,co2,bond,1,1.150747,1.160000,0.009253
60,2,co2,angle,0,178.443706,180.000000,1.556294
60,3,ammonia,bond,0,1.014045,1.010000,0.004045
60,3,ammonia,bond,1,1.067386,1.010000,0.057386
60,3,ammonia,bond,2,1.009237,1.010000,0.000763
60,3,ammonia,angle,0,106.290374,107.000000,0.709626
60,3,ammonia,angle,1,109.110366,107.000000,2.110366
60,3,ammonia,angle,2,105.571113,107.000000,1.428887
60,4,acetylene,bond,0,1.070137,1.060000,0.010137
60,4,acetylene,bond,1,1.196595,1.200000,0.003405
60,4,acetylene,bond,2,1.007129,1.060000,0.052871
60,4,acetylene,angle,0,179.470907,180.000000,0.529093
60,4,acetylene,angle,1,177.155110,180.000000,2.844890
60,5,hcl,bond,0,1.257300,1.270000,0.012700
65,0,methane,bond,0,1.100756,1.090000,0.010756
65,0,methane,bond,1,1.062243,1.090000,0.027757
65,0,methane,bond,2,1.098820,1.090000,0.008820
65,0,methane,bond,3,1.086430,1.090000,0.003570
65,0,methane,angle,0,111.173996,109.500000,1.673996
65,0,methane,angle,1,110.518974,109.500000,1.018974
65,0,methane,angle,2,108.494899,109.500000,1.005101
65,0,methane,angle,3,110.163933,109.500000,0.663933
65,0,methane,angle,4,107.507483,109.500000,1.992517
65,0,methane,angle,5,108.889642,109.500000,0.610358
65,1,water,bond,0,0.967663,0.960000,0.007663
65,1,water,bond,1,0.950180,0.960000,0.009820
65,1,water,angle,0,105.243518,104.500000,0.743518
65,2,co2,bond,0,1.164274,1.160000,0.004274
65,2,co2,bond,1,1.150760,1.160000,0.009240
65,2,co2,angle,0,178.384139,180.000000,1.615861
65,3,ammonia,bond,0,1.014964,1.010000,0.004964
65,3,ammonia,bond,1,1.072864,1.010000,0.062864
65,3,ammonia,bond,2,1.008817,1.010000,0.001183
65,3,ammonia,angle,0,106.144387,107.000000,0.855613
65,3,ammonia,angle,1,109.207418,107.000000,2.207418
65,3,ammonia,angle,2,105.423324,107.000000,1.576676
65,4,acetylene,bond,0,1.069661,1.060000,0.009661
65,4,acetylene,bond,1,1.196702,1.200000,0.003298
65,4,acetylene,bond,2,1.002673,1.060000,0.057327
65,4,acetylene,angle,0,179.504673,180.000000,0.495327
65,4,acetylene,angle,1,176.913186,180.000000,3.086814
65,5,hcl,bond,0,1.256177,1.270000,0.013823
70,0,methane,bond,0,1.102529,1.090000,0.012529
70,0,methane,bond,1,1.060321,1.090000,0.029679
70,0,methane,bond,2,1.100905,1.090000,0.010905
70,0,methane,bond,3,1.085874,1.090000,0.004126
70,0,methane,angle,0,111.277976,109.500000,1.777976
70,0,methane,angle,1,110.578490,109.500000,1.078490
70,0,methane,angle,2,108.409135,109.500000,1.090865
70,0,methane,angle,3,110.142840,109.500000,0.642840
70,0,methane,angle,4,107.397089,109.500000,2.102911
70,0,methane,angle,5,108.936766,109.500000,0.563234
70,1,water,bond,0,0.968457,0.960000,0.008457
70,1,water,bond,1,0.949963,0.960000,0.010037
70,1,water,angle,0,105.297238,104.500000,0.797238
70,2,co2,bond,0,1.164165,1.160000,0.004165
70,2,co2,bond,1,1.150779,1.160000,0.009221
70,2,co2,angle,0,178.324556,180.000000,1.675444
70,3,ammonia,bond,0,1.015884,1.010000,0.005884
70,3,ammonia,bond,1,1.078375,1.010000,0.068375
70,3,ammonia,bond,2,1.008438,1.010000,0.001562
70,3,ammonia,angle,0,105.997582,107.000000,1.002418
70,3,ammonia,angle,1,109.301710,107.000000,2.301710
70,3,ammonia,angle,2,105.275181,107.000000,1.724819
70,4,acetylene,bond,0,1.069164,1.060000,0.009164
70,4,acetylene,bond,1,1.196810,1.200000,0.003190
70,4,acetylene,bond,2,0.998208,1.060000,0.061792
70,4,acetylene,angle,0,179.538634,180.000000,0.461366
70,4,acetylene,angle,1,176.663655,180.000000,3.336345
70,5,hcl,bond,0,1.255023,1.270000,0.014977
75,0,methane,bond,0,1.104330,1.090000,0.014330
75,0,methane,bond,1,1.058436,1.090000,0.031564
75,0,methane,bond,2,1.103021,1.090000,0.013021
75,0,methane,bond,3,1.085352,1.090000,0.004648
75,0,methane,angle,0,111.382017,109.500000,1.882017
75,0,methane,angle,1,110.637931,109.500000,1.137931
75,0,methane,angle,2,108.323489,109.500000,1.176511
75,0,methane,angle,3,110.121724,109.500000,0.621724
75,0,methane,angle,4,107.286227,109.500000,2.213773
75,0,methane,angle,5,108.984021,109.500000,0.515979
75,1,water,bond,0,0.969289,0.960000,0.009289
75,1,water,bond,1,0.949781,0.960000,0.010219
75,1,water,angle,0,105.350685,104.500000,0.850685
75,2,co2,bond,0,1.164056,1.160000,0.004056
75,2,co2,bond,1,1.150802,1.160000,0.009198
75,2,co2,angle,0,178.264975,180.000000,1.735025
75,3,ammonia,bond,0,1.016805,1.010000,0.006805
75,3,ammonia,bond,1,1.083916,1.010000,0.073916
75,3,ammonia,bond,2,1.008099,1.010000,0.001901
75,3,ammonia,angle,0,105.849773,107.000000,1.150227
75,3,ammonia,angle,1,109.393256,107.000000,2.393256
75,3,ammonia,angle,2,105.126520,107.000000,1.873480
75,4,acetylene,bond,0,1.068645,1.060000,0.008645
75,4,acetylene,bond,1,1.196917,1.200000,0.003083
75,4,acetylene,bond,2,0.993738,1.060000,0.066262
75,4,acetylene,angle,0,179.572645,180.000000,0.427355
75,4,acetylene,angle,1,176.407147,180.000000,3.592853
75,5,hcl,bond,0,1.253840,1.270000,0.016160
80,0,methane,bond,0,1.106161,1.090000,0.016161
80,0,methane,bond,1,1.056584,1.090000,0.033416
80,0,methane,bond,2,1.105167,1.090000,0.015167
80,0,methane,bond,3,1.084865,1.090000,0.005135
80,0,methane,angle,0,111.485794,109.500000,1.985794
80,0,methane,angle,1,110.697356,109.500000,1.197356
80,0,methane,angle,2,108.237849,109.500000,1.262151
80,0,methane,angle,3,110.100652,109.500000,0.600652
80,0,methane,angle,4,107.175000,109.500000,2.325000
80,0,methane,angle,5,109.031628,109.500000,0.468372
80,1,water,bond,0,0.970161,0.960000,0.010161
80,1,water,bond,1,0.949634,0.960000,0.010366
80,1,water,angle,0,105.403825,104.500000,0.903825
80,2,co2,bond,0,1.163948,1.160000,0.003948
80,2,co2,bond,1,1.150829,1.160000,0.009171
80,2,co2,angle,0,178.205392,180.000000,1.794608
80,3,ammonia,bond,0,1.017727,1.010000,0.007727
80,3,ammonia,bond,1,1.089491,1.010000,0.079491
80,3,ammonia,bond,2,1.007804,1.010000,0.002196
80,3,ammonia,angle,0,105.701068,107.000000,1.298932
80,3,ammonia,angle,1,109.482199,107.000000,2.482199
80,3,ammonia,angle,2,104.977443,107.000000,2.022557
80,4,acetylene,bond,0,1.068099,1.060000,0.008099
80,4,acetylene,bond,1,1.197027,1.200000,0.002973
80,4,acetylene,bond,2,0.989264,1.060000,0.070736
80,4,acetylene,angle,0,179.606767,180.000000,0.393233
80,4,acetylene,angle,1,176.144523,180.000000,3.855477
80,5,hcl,bond,0,1.252628,1.270000,0.017372
85,0,methane,bond,0,1.108022,1.090000,0.018022
85,0,methane,bond,1,1.054763,1.090000,0.035237
85,0,methane,bond,2,1.107346,1.090000,0.017346
85,0,methane,bond,3,1.084412,1.090000,0.005588
85,0,methane,angle,0,111.589491,109.500000,2.089491
85,0,methane,angle,1,110.756538,109.500000,1.256538
85,0,methane,angle,2,108.152459,109.500000,1.347541
85,0,methane,angle,3,110.079306,109.500000,0.579306
85,0,methane,angle,4,107.063788,109.500000,2.436212
85,0,methane,angle,5,109.079340,109.500000,0.420660
85,1,water,bond,0,0.971074,0.960000,0.011074
85,1,water,bond,1,0.949521,0.960000,0.010479
85,1,water,angle,0,105.456729,104.500000,0.956729
85,2,co2,bond,0,1.163839,1.160000,0.003839
85,2,co2,bond,1,1.150861,1.160000,0.009139
85,2,co2,angle,0,178.145622,180.000000,1.854378
85,3,ammonia,bond,0,1.018648,1.010000,0.008648
85,3,ammonia,bond,1,1.095100,1.010000,0.085100
85,3,ammonia,bond,2,1.007546,1.010000,0.002454
85,3,ammonia,angle,0,105.551233,107.000000,1.448767
85,3,ammonia,angle,1,109.568626,107.000000,2.568626
85,3,ammonia,angle,2,104.828069,107.000000,2.171931
85,4,acetylene,bond,0,1.067529,1.060000,0.007529
85,4,acetylene,bond,1,1.197138,1.200000,0.002862
85,4,acetylene,bond,2,0.984781,1.060000,0.075219
85,4,acetylene,angle,0,179.640903,180.000000,0.359097
85,4,acetylene,angle,1,175.876281,180.000000,4.123719
85,5,hcl,bond,0,1.251386,1.270000,0.018614
90,0,methane,bond,0,1.109910,1.090000,0.019910
90,0,methane,bond,1,1.052976,1.090000,0.037024
90,0,methane,bond,2,1.109557,1.090000,0.019557
90,0,methane,bond,3,1.083992,1.090000,0.006008
90,0,methane,angle,0,111.693065,109.500000,2.193065
90,0,methane,angle,1,110.815816,109.500000,1.315816
90,0,methane,angle,2,108.067536,109.500000,1.432464
90,0,methane,angle,3,110.057584,109.500000,0.557584
90,0,methane,angle,4,106.952147,109.500000,2.547853
90,0,methane,angle,5,109.127173,109.500000,0.372827
90,1,water,bond,0,0.972022,0.960000,0.012022
90,1,water,bond,1,0.949444,0.960000,0.010556
90,1,water,angle,0,105.509264,104.500000,1.009264
90,2,co2,bond,0,1.163732,1.160000,0.003732
90,2,co2,bond,1,1.150898,1.160000,0.009102
90,2,co2,angle,0,178.085712,180.000000,1.914288
90,3,ammonia,bond,0,1.019570,1.010000,0.009570
90,3,ammonia,bond,1,1.100741,1.010000,0.090741
90,3,ammonia,bond,2,1.007329,1.010000,0.002671
90,3,ammonia,angle,0,105.400329,107.000000,1.599671
90,3,ammonia,angle,1,109.652023,107.000000,2.652023
90,3,ammonia,angle,2,104.678444,107.000000,2.321556
90,4,acetylene,bond,0,1.066933,1.060000,0.006933
90,4,acetylene,bond,1,1.197252,1.200000,0.002748
90,4,acetylene,bond,2,0.980288,1.060000,0.079712
90,4,acetylene,angle,0,179.674815,180.000000,0.325185
90,4,acetylene,angle,1,175.602863,180.000000,4.397137
90,5,hcl,bond,0,1.250115,1.270000,0.019885
95,0,methane,bond,0,1.111826,1.090000,0.021826
95,0,methane,bond,1,1.051226,1.090000,0.038774
95,0,methane,bond,2,1.111795,1.090000,0.021795
95,0,methane,bond,3,1.083608,1.090000,0.006392
95,0,methane,angle,0,111.796461,109.500000,2.296461
95,0,methane,angle,1,110.875032,109.500000,1.375032
95,0,methane,angle,2,107.982869,109.500000,1.517131
95,0,methane,angle,3,110.035738,109.500000,0.535738
95,0,methane,angle,4,106.840168,109.500000,2.659832
95,0,methane,angle,5,109.175211,109.500000,0.324789
95,1,water,bond,0,0.973004,0.960000,0.013004
95,1,water,bond,1,0.949400,0.960000,0.010600
95,1,water,angle,0,105.561744,104.500000,1.061744
95,2,co2,bond,0,1.163625,1.160000,0.003625
95,2,co2,bond,1,1.150940,1.160000,0.009060
95,2,co2,angle,0,178.025814,180.000000,1.974186
95,3,ammonia,bond,0,1.020491,1.010000,0.010491
95,3,ammonia,bond,1,1.106413,1.010000,0.096413
95,3,ammonia,bond,2,1.007152,1.010000,0.002848
95,3,ammonia,angle,0,105.248709,107.000000,1.751291
95,3,ammonia,angle,1,109.732448,107.000000,2.732448
95,3,ammonia,angle,2,104.528244,107.000000,2.471756
95,4,acetylene,bond,0,1.066314,1.060000,0.006314
95,4,acetylene,bond,1,1.197366,1.200000,0.002634
95,4,acetylene,bond,2,0.975788,1.060000,0.084212
95,4,acetylene,angle,0,179.708013,180.000000,0.291987
95,4,acetylene,angle,1,175.324246,180.000000,4.675754
95,5,hcl,bond,0,1.248814,1.270000,0.021186
100,0,methane,bond,0,1.113774,1.090000,0.023774
100,0,methane,bond,1,1.049513,1.090000,0.040487
100,0,methane,bond,2,1.114060,1.090000,0.024060
100,0,methane,bond,3,1.083261,1.090000,0.006739
100,0,methane,angle,0,111.899653,109.500000,2.399653
100,0,methane,angle,1,110.934207,109.500000,1.434207
100,0,methane,angle,2,107.898210,109.500000,1.601790
100,0,methane,angle,3,110.013687,109.500000,0.513687
100,0,methane,angle,4,106.728165,109.500000,2.771835
100,0,methane,angle,5,109.223480,109.500000,0.276520
100,1,water,bond,0,0.974023,0.960000,0.014023
100,1,water,bond,1,0.949389,0.960000,0.010611
100,1,water,angle,0,105.613861,104.500000,1.113861
100,2,co2,bond,0,1.163518,1.160000,0.003518
100,2,co2,bond,1,1.150986,1.160000,0.009014
100,2,co2,angle,0,177.965826,180.000000,2.034174
100,3,ammonia,bond,0,1.021411,1.010000,0.011411
100,3,ammonia,bond,1,1.112115,1.010000,0.102115
100,3,ammonia,bond,2,1.007014,1.010000,0.002986
100,3,ammonia,angle,0,105.096393,107.000000,1.903607
100,3,ammonia,angle,1,109.810303,107.000000,2.810303
100,3,ammonia,angle,2,104.377617,107.000000,2.622383
100,4,acetylene,bond,0,1.065672,1.060000,0.005672
100,4,acetylene,bond,1,1.197481,1.200000,0.002519
100,4,acetylene,bond,2,0.971287,1.060000,0.088713
100,4,acetylene,angle,0,179.740054,180.000000,0.259946
100,4,acetylene,angle,1,175.040464,180.000000,4.959536
100,5,hcl,bond,0,1.247487,1.270000,0.022513
105,0,methane,bond,0,1.115754,1.090000,0.025754
105,0,methane,bond,1,1.047834,1.090000,0.042166
105,0,methane,bond,2,1.116352,1.090000,0.026352
105,0,methane,bond,3,1.082945,1.090000,0.007055
105,0,methane,angle,0,112.002736,109.500000,2.502736
105,0,methane,angle,1,110.992970,109.500000,1.492970
105,0,methane,angle,2,107.814026,109.500000,1.685974
105,0,methane,angle,3,109.991389,109.500000,0.491389
105,0,methane,angle,4,106.615800,109.500000,2.884200
105,0,methane,angle,5,109.272192,109.500000,0.227808
105,1,water,bond,0,0.975079,0.960000,0.015079
105,1,water,bond,1,0.949410,0.960000,0.010590
105,1,water,angle,0,105.665306,104.500000,1.165306
105,2,co2,bond,0,1.163410,1.160000,0.003410
105,2,co2,bond,1,1.151038,1.160000,0.008962
105,2,co2,angle,0,177.905690,180.000000,2.094310
105,3,ammonia,bond,0,1.022334,1.010000,0.012334
105,3,ammonia,bond,1,1.117846,1.010000,0.107846
105,3,ammonia,bond,2,1.006912,1.010000,0.003088
105,3,ammonia,angle,0,104.943127,107.000000,2.056873
105,3,ammonia,angle,1,109.885841,107.000000,2.885841
105,3,ammonia,angle,2,104.226562,107.000000,2.773438
105,4,acetylene,bond,0,1.065008,1.060000,0.005008
105,4,acetylene,bond,1,1.197597,1.200000,0.002403
105,4,acetylene,bond,2,0.966791,1.060000,0.093209
105,4,acetylene,angle,0,179.770237,180.000000,0.229763
105,4,acetylene,angle,1,174.751296,180.000000,5.248704
105,5,hcl,bond,0,1.246129,1.270000,0.023871
110,0,methane,bond,0,1.117762,1.090000,0.027762
110,0,methane,bond,1,1.046191,1.090000,0.043809
110,0,methane,bond,2,1.118673,1.090000,0.028673
110,0,methane,bond,3,1.082658,1.090000,0.007342
110,0,methane,angle,0,112.105633,109.500000,2.605633
110,0,methane,angle,1,111.051665,109.500000,1.551665
110,0,methane,angle,2,107.730245,109.500000,1.769755
110,0,methane,angle,3,109.968760,109.500000,0.468760
110,0,methane,angle,4,106.503042,109.500000,2.996958
110,0,methane,angle,5,109.321251,109.500000,0.178749
110,1,water,bond,0,0.976170,0.960000,0.016170
110,1,water,bond,1,0.949469,0.960000,0.010531
110,1,water,angle,0,105.716552,104.500000,1.216552
110,2,co2,bond,0,1.163303,1.160000,0.003303
110,2,co2,bond,1,1.151093,1.160000,0.008907
110,2,co2,angle,0,177.845601,180.000000,2.154399
110,3,ammonia,bond,0,1.023258,1.010000,0.013258
110,3,ammonia,bond,1,1.123611,1.010000,0.113611
110,3,ammonia,bond,2,1.006849,1.010000,0.003151
110,3,ammonia,angle,0,104.789085,107.000000,2.210915
110,3,ammonia,angle,1,109.958599,107.000000,2.958599
110,3,ammonia,angle,2,104.075188,107.000000,2.924812
110,4,acetylene,bond,0,1.064318,1.060000,0.004318
110,4,acetylene,bond,1,1.197714,1.200000,0.002286
110,4,acetylene,bond,2,0.962322,1.060000,0.097678
110,4,acetylene,angle,0,179.797422,180.000000,0.202578
110,4,acetylene,angle,1,174.456547,180.000000,5.543453
110,5,hcl,bond,0,1.244746,1.270000,0.025254
115,0,methane,bond,0,1.119799,1.090000,0.029799
115,0,methane,bond,1,1.044581,1.090000,0.045419
115,0,methane,bond,2,1.121023,1.090000,0.031023
115,0,methane,bond,3,1.082405,1.090000,0.007595
115,0,methane,angle,0,112.208320,109.500000,2.708320
115,0,methane,angle,1,111.110354,109.500000,1.610354
115,0,methane,angle,2,107.646621,109.500000,1.853379
115,0,methane,angle,3,109.945843,109.500000,0.445843
115,0,methane,angle,4,106.389905,109.500000,3.110095
115,0,methane,angle,5,109.370805,109.500000,0.129195
115,1,water,bond,0,0.977297,0.960000,0.017297
115,1,water,bond,1,0.949562,0.960000,0.010438
115,1,water,angle,0,105.767486,104.500000,1.267486
115,2,co2,bond,0,1.163197,1.160000,0.003197
115,2,co2,bond,1,1.151153,1.160000,0.008847
115,2,co2,angle,0,177.785505,180.000000,2.214495
115,3,ammonia,bond,0,1.024186,1.010000,0.014186
115,3,ammonia,bond,1,1.129404,1.010000,0.119404
115,3,ammonia,bond,2,1.006827,1.010000,0.003173
115,3,ammonia,angle,0,104.633890,107.000000,2.366110
115,3,ammonia,angle,1,110.028662,107.000000,3.028662
115,3,ammonia,angle,2,103.923421,107.000000,3.076579
115,4,acetylene,bond,0,1.063606,1.060000,0.003606
115,4,acetylene,bond,1,1.197834,1.200000,0.002166
115,4,acetylene,bond,2,0.957896,1.060000,0.102104
115,4,acetylene,angle,0,179.820039,180.000000,0.179961
115,4,acetylene,angle,1,174.156963,180.000000,5.843037
115,5,hcl,bond,0,1.243333,1.270000,0.026667
120,0,methane,bond,0,1.121866,1.090000,0.031866
120,0,methane,bond,1,1.043007,1.090000,0.046993
120,0,methane,bond,2,1.123404,1.090000,0.033404
120,0,methane,bond,3,1.082185,1.090000,0.007815
120,0,methane,angle,0,112.310825,109.500000,2.810825
120,0,methane,angle,1,111.168650,109.500000,1.668650
120,0,methane,angle,2,107.563380,109.500000,1.936620
120,0,methane,angle,3,109.922720,109.500000,0.422720
120,0,methane,angle,4,106.276674,109.500000,3.223326
120,0,methane,angle,5,109.420646,109.500000,0.079354
120,1,water,bond,0,0.978460,0.960000,0.018460
120,1,water,bond,1,0.949693,0.960000,0.010307
120,1,water,angle,0,105.818121,104.500000,1.318121
120,2,co2,bond,0,1.163092,1.160000,0.003092
120,2,co2,bond,1,1.151217,1.160000,0.008783
120,2,co2,angle,0,177.725216,180.000000,2.274784
120,3,ammonia,bond,0,1.025117,1.010000,0.015117
120,3,ammonia,bond,1,1.135233,1.010000,0.125233
120,3,ammonia,bond,2,1.006845,1.010000,0.003155
120,3,ammonia,angle,0,104.477632,107.000000,2.522368
120,3,ammonia,angle,1,110.096066,107.000000,3.096066
120,3,ammonia,angle,2,103.771466,107.000000,3.228534
120,4,acetylene,bond,0,1.062871,1.060000,0.002871
120,4,acetylene,bond,1,1.197954,1.200000,0.002046
120,4,acetylene,bond,2,0.953524,1.060000,0.106476
120,4,acetylene,angle,0,179.835442,180.000000,0.164558
120,4,acetylene,angle,1,173.853086,180.000000,6.146914
120,5,hcl,bond,0,1.241894,1.270000,0.028106
125,0,methane,bond,0,1.123968,1.090000,0.033968
125,0,methane,bond,1,1.041466,1.090000,0.048534
125,0,methane,bond,2,1.125816,1.090000,0.035816
125,0,methane,bond,3,1.081996,1.090000,0.008004
125,0,methane,angle,0,112.413405,109.500000,2.913405
125,0,methane,angle,1,111.226604,109.500000,1.726604
125,0,methane,angle,2,107.480217,109.500000,2.019783
125,0,methane,angle,3,109.899657,109.500000,0.399657
125,0,methane,angle,4,106.163095,109.500000,3.336905
125,0,methane,angle,5,109.470729,109.500000,0.029271
125,1,water,bond,0,0.979660,0.960000,0.019660
125,1,water,bond,1,0.949858,0.960000,0.010142
125,1,water,angle,0,105.868265,104.500000,1.368265
125,2,co2,bond,0,1.162985,1.160000,0.002985
125,2,co2,bond,1,1.151286,1.160000,0.008714
125,2,co2,angle,0,177.664833,180.000000,2.335167
125,3,ammonia,bond,0,1.026051,1.010000,0.016051
125,3,ammonia,bond,1,1.141092,1.010000,0.131092
125,3,ammonia,bond,2,1.006903,1.010000,0.003097
125,3,ammonia,angle,0,104.320495,107.000000,2.679505
125,3,ammonia,angle,1,110.160721,107.000000,3.160721
125,3,ammonia,angle,2,103.619250,107.000000,3.380750
125,4,acetylene,bond,0,1.062111,1.060000,0.002111
125,4,acetylene,bond,1,1.198075,1.200000,0.001925
125,4,acetylene,bond,2,0.949203,1.060000,0.110797
125,4,acetylene,angle,0,179.840980,180.000000,0.159020
125,4,acetylene,angle,1,173.545327,180.000000,6.454673
125,5,hcl,bond,0,1.240427,1.270000,0.029573
130,0,methane,bond,0,1.126099,1.090000,0.036099
130,0,methane,bond,1,1.039957,1.090000,0.050043
130,0,methane,bond,2,1.128255,1.090000,0.038255
130,0,methane,bond,3,1.081841,1.090000,0.008159
130,0,methane,angle,0,112.516150,109.500000,3.016150
130,0,methane,angle,1,111.284186,109.500000,1.784186
130,0,methane,angle,2,107.397239,109.500000,2.102761
130,0,methane,angle,3,109.876394,109.500000,0.376394
130,0,methane,angle,4,106.049153,109.500000,3.450847
130,0,methane,angle,5,109.521173,109.500000,0.021173
130,1,water,bond,0,0.980897,0.960000,0.020897
130,1,water,bond,1,0.950060,0.960000,0.009940
130,1,water,angle,0,105.917905,104.500000,1.417905
130,2,co2,bond,0,1.162878,1.160000,0.002878
130,2,co2,bond,1,1.151362,1.160000,0.008638
130,2,co2,angle,0,177.604339,180.000000,2.395661
130,3,ammonia,bond,0,1.026984,1.010000,0.016984
130,3,ammonia,bond,1,1.146982,1.010000,0.136982
130,3,ammonia,bond,2,1.006999,1.010000,0.003001
130,3,ammonia,angle,0,104.162435,107.000000,2.837565
130,3,ammonia,angle,1,110.222435,107.000000,3.222435
130,3,ammonia,angle,2,103.466744,107.000000,3.533256
130,4,acetylene,bond,0,1.061327,1.060000,0.001327
130,4,acetylene,bond,1,1.198197,1.200000,0.001803
130,4,acetylene,bond,2,0.944941,1.060000,0.115059
130,4,acetylene,angle,0,179.835250,180.000000,0.164750
130,4,acetylene,angle,1,173.233889,180.000000,6.766111
130,5,hcl,bond,0,1.238933,1.270000,0.031067
135,0,methane,bond,0,1.128262,1.090000,0.038262
135,0,methane,bond,1,1.038482,1.090000,0.051518
135,0,methane,bond,2,1.130727,1.090000,0.040727
135,0,methane,bond,3,1.081720,1.090000,0.008280
135,0,methane,angle,0,112.618712,109.500000,3.118712
135,0,methane,angle,1,111.341536,109.500000,1.841536
135,0,methane,angle,2,107.314687,109.500000,2.185313
135,0,methane,angle,3,109.853063,109.500000,0.353063
135,0,methane,angle,4,105.934802,109.500000,3.565198
135,0,methane,angle,5,109.571856,109.500000,0.071856
135,1,water,bond,0,0.982173,0.960000,0.022173
135,1,water,bond,1,0.950295,0.960000,0.009705
135,1,water,angle,0,105.967050,104.500000,1.467050
135,2,co2,bond,0,1.162769,1.160000,0.002769
135,2,co2,bond,1,1.151443,1.160000,0.008557
135,2,co2,angle,0,177.543641,180.000000,2.456359
135,3,ammonia,bond,0,1.027920,1.010000,0.017920
135,3,ammonia,bond,1,1.152901,1.010000,0.142901
135,3,ammonia,bond,2,1.007137,1.010000,0.002863
135,3,ammonia,angle,0,104.003406,107.000000,2.996594
135,3,ammonia,angle,1,110.281390,107.000000,3.281390
135,3,ammonia,angle,2,103.314056,107.000000,3.685944
135,4,acetylene,bond,0,1.060518,1.060000,0.000518
135,4,acetylene,bond,1,1.198320,1.200000,0.001680
135,4,acetylene,bond,2,0.940734,1.060000,0.119266
135,4,acetylene,angle,0,179.818627,180.000000,0.181373
135,4,acetylene,angle,1,172.918805,180.000000,7.081195
135,5,hcl,bond,0,1.237410,1.270000,0.032590
140,0,methane,bond,0,1.130453,1.090000,0.040453
140,0,methane,bond,1,1.037042,1.090000,0.052958
140,0,methane,bond,2,1.133231,1.090000,0.043231
140,0,methane,bond,3,1.081633,1.090000,0.008367
140,0,methane,angle,0,112.721074,109.500000,3.221074
140,0,methane,angle,1,111.398621,109.500000,1.898621
140,0,methane,angle,2,107.232667,109.500000,2.267333
140,0,methane,angle,3,109.829491,109.500000,0.329491
140,0,methane,angle,4,105.820046,109.500000,3.679954
140,0,methane,angle,5,109.622907,109.500000,0.122907
140,1,water,bond,0,0.983482,0.960000,0.023482
140,1,water,bond,1,0.950565,0.960000,0.009435
140,1,water,angle,0,106.015813,104.500000,1.515813
140,2,co2,bond,0,1.162660,1.160000,0.002660
140,2,co2,bond,1,1.151529,1.160000,0.008471
140,2,co2,angle,0,177.482819,180.000000,2.517181
140,3,ammonia,bond,0,1.028858,1.010000,0.018858
140,3,ammonia,bond,1,1.158851,1.010000,0.148851
140,3,ammonia,bond,2,1.007317,1.010000,0.002683
140,3,ammonia,angle,0,103.843559,107.000000,3.156441
140,3,ammonia,angle,1,110.337462,107.000000,3.337462
140,3,ammonia,angle,2,103.161132,107.000000,3.838868
140,4,acetylene,bond,0,1.059684,1.060000,0.000316
140,4,acetylene,bond,1,1.198445,1.200000,0.001555
140,4,acetylene,bond,2,0.936585,1.060000,0.123415
140,4,acetylene,angle,0,179.793481,180.000000,0.206519
140,4,acetylene,angle,1,172.600321,180.000000,7.399679
140,5,hcl,bond,0,1.235857,1.270000,0.034143
145,0,methane,bond,0,1.132673,1.090000,0.042673
145,0,methane,bond,1,1.035638,1.090000,0.054362
145,0,methane,bond,2,1.135765,1.090000,0.045765
145,0,methane,bond,3,1.081578,1.090000,0.008422
145,0,methane,angle,0,112.823531,109.500000,3.323531
145,0,methane,angle,1,111.455606,109.500000,1.955606
145,0,methane,angle,2,107.150934,109.500000,2.349066
145,0,methane,angle,3,109.805390,109.500000,0.305390
145,0,methane,angle,4,105.705107,109.500000,3.794893
145,0,methane,angle,5,109.674170,109.500000,0.174170
145,1,water,bond,0,0.984826,0.960000,0.024826
145,1,water,bond,1,0.950867,0.960000,0.009133
145,1,water,angle,0,106.064129,104.500000,1.564129
145,2,co2,bond,0,1.162551,1.160000,0.002551
145,2,co2,bond,1,1.151618,1.160000,0.008382
145,2,co2,angle,0,177.421949,180.000000,2.578051
145,3,ammonia,bond,0,1.029801,1.010000,0.019801
145,3,ammonia,bond,1,1.164830,1.010000,0.154830
145,3,ammonia,bond,2,1.007539,1.010000,0.002461
145,3,ammonia,angle,0,103.682715,107.000000,3.317285
145,3,ammonia,angle,1,110.390518,107.000000,3.390518
145,3,ammonia,angle,2,103.008071,107.000000,3.991929
145,4,acetylene,bond,0,1.058827,1.060000,0.001173
145,4,acetylene,bond,1,1.198571,1.200000,0.001429
145,4,acetylene,bond,2,0.932492,1.060000,0.127508
145,4,acetylene,angle,0,179.762095,180.000000,0.237905
145,4,acetylene,angle,1,172.278410,180.000000,7.721590
145,5,hcl,bond,0,1.234275,1.270000,0.035725
150,0,methane,bond,0,1.134922,1.090000,0.044922
150,0,methane,bond,1,1.034263,1.090000,0.055737
150,0,methane,bond,2,1.138330,1.090000,0.048330
150,0,methane,bond,3,1.081558,1.090000,0.008442
150,0,methane,angle,0,112.926069,109.500000,3.426069
150,0,methane,angle,1,111.512691,109.500000,2.012691
150,0,methane,angle,2,107.069391,109.500000,2.430609
150,0,methane,angle,3,109.780976,109.500000,0.280976
150,0,methane,angle,4,105.589998,109.500000,3.910002
150,0,methane,angle,5,109.725293,109.500000,0.225293
150,1,water,bond,0,0.986205,0.960000,0.026205
150,1,water,bond,1,0.951205,0.960000,0.008795
150,1,water,angle,0,106.112123,104.500000,1.612123
150,2,co2,bond,0,1.162442,1.160000,0.002442
150,2,co2,bond,1,1.151712,1.160000,0.008288
150,2,co2,angle,0,177.360897,180.000000,2.639103
150,3,ammonia,bond,0,1.030747,1.010000,0.020747
150,3,ammonia,bond,1,1.170838,1.010000,0.160838
150,3,ammonia,bond,2,1.007802,1.010000,0.002198
150,3,ammonia,angle,0,103.520734,107.000000,3.479266
150,3,ammonia,angle,1,110.440567,107.000000,3.440567
150,3,ammonia,angle,2,102.854887,107.000000,4.145113
150,4,acetylene,bond,0,1.057947,1.060000,0.002053
150,4,acetylene,bond,1,1.198699,1.200000,0.001301
150,4,acetylene,bond,2,0.928456,1.060000,0.131544
150,4,acetylene,angle,0,179.726044,180.000000,0.273956
150,4,acetylene,angle,1,171.953268,180.000000,8.046732
150,5,hcl,bond,0,1.232662,1.270000,0.037338
155,0,methane,bond,0,1.137202,1.090000,0.047202
155,0,methane,bond,1,1.032924,1.090000,0.057076
155,0,methane,bond,2,1.140925,1.090000,0.050925
155,0,methane,bond,3,1.081569,1.090000,0.008431
155,0,methane,angle,0,113.028258,109.500000,3.528258
155,0,methane,angle,1,111.569686,109.500000,2.069686
155,0,methane,angle,2,106.988176,109.500000,2.511824
155,0,methane,angle,3,109.756418,109.500000,0.256418
155,0,methane,angle,4,105.474684,109.500000,4.025316
155,0,methane,angle,5,109.776655,109.500000,0.276655
155,1,water,bond,0,0.987621,0.960000,0.027621
155,1,water,bond,1,0.951577,0.960000,0.008423
155,1,water,angle,0,106.160012,104.500000,1.660012
155,2,co2,bond,0,1.162334,1.160000,0.002334
155,2,co2,bond,1,1.151809,1.160000,0.008191
155,2,co2,angle,0,177.299682,180.000000,2.700318
155,3,ammonia,bond,0,1.031694,1.010000,0.021694
155,3,ammonia,bond,1,1.176875,1.010000,0.166875
155,3,ammonia,bond,2,1.008102,1.010000,0.001898
155,3,ammonia,angle,0,103.357583,107.000000,3.642417
155,3,ammonia,angle,1,110.487574,107.000000,3.487574
155,3,ammonia,angle,2,102.701731,107.000000,4.298269
155,4,acetylene,bond,0,1.057044,1.060000,0.002956
155,4,acetylene,bond,1,1.198828,1.200000,0.001172
155,4,acetylene,bond,2,0.924480,1.060000,0.135520
155,4,acetylene,angle,0,179.686788,180.000000,0.313212
155,4,acetylene,angle,1,171.624924,180.000000,8.375076
155,5,hcl,bond,0,1.231016,1.270000,0.038984
160,0,methane,bond,0,1.139513,1.090000,0.049513
160,0,methane,bond,1,1.031620,1.090000,0.058380
160,0,methane,bond,2,1.143549,1.090000,0.053549
160,0,methane,bond,3,1.081610,1.090000,0.008390
160,0,methane,angle,0,113.130293,109.500000,3.630293
160,0,methane,angle,1,111.626419,109.500000,2.126419
160,0,methane,angle,2,106.907313,109.500000,2.592687
160,0,methane,angle,3,109.731703,109.500000,0.231703
160,0,methane,angle,4,105.359289,109.500000,4.140711
160,0,methane,angle,5,109.828110,109.500000,0.328110
160,1,water,bond,0,0.989072,0.960000,0.029072
160,1,water,bond,1,0.951985,0.960000,0.008015
160,1,water,angle,0,106.207738,104.500000,1.707738
160,2,co2,bond,0,1.162227,1.160000,0.002227
160,2,co2,bond,1,1.151909,1.160000,0.008091
160,2,co2,angle,0,177.238426,180.000000,2.761574
160,3,ammonia,bond,0,1.032646,1.010000,0.022646
160,3,ammonia,bond,1,1.182941,1.010000,0.172941
160,3,ammonia,bond,2,1.008441,1.010000,0.001559
160,3,ammonia,angle,0,103.193450,107.000000,3.806550
160,3,ammonia,angle,1,110.531645,107.000000,3.531645
160,3,ammonia,angle,2,102.548510,107.000000,4.451490
160,4,acetylene,bond,0,1.056119,1.060000,0.003881
160,4,acetylene,bond,1,1.198958,1.200000,0.001042
160,4,acetylene,bond,2,0.920564,1.060000,0.139436
160,4,acetylene,angle,0,179.644960,180.000000,0.355040
160,4,acetylene,angle,1,171.293427,180.000000,8.706573
160,5,hcl,bond,0,1.229344,1.270000,0.040656
165,0,methane,bond,0,1.141857,1.090000,0.051857
165,0,methane,bond,1,1.030348,1.090000,0.059652
165,0,methane,bond,2,1.146202,1.090000,0.056202
165,0,methane,bond,3,1.081683,1.090000,0.008317
165,0,methane,angle,0,113.232007,109.500000,3.732007
165,0,methane,angle,1,111.682830,109.500000,2.182830
165,0,methane,angle,2,106.826864,109.500000,2.673136
165,0,methane,angle,3,109.706829,109.500000,0.206829
165,0,methane,angle,4,105.243808,109.500000,4.256192
165,0,methane,angle,5,109.879843,109.500000,0.379843
165,1,water,bond,0,0.990560,0.960000,0.030560
165,1,water,bond,1,0.952432,0.960000,0.007568
165,1,water,angle,0,106.255193,104.500000,1.755193
165,2,co2,bond,0,1.162121,1.160000,0.002121
165,2,co2,bond,1,1.152014,1.160000,0.007986
165,2,co2,angle,0,177.176973,180.000000,2.823027
165,3,ammonia,bond,0,1.033600,1.010000,0.023600
165,3,ammonia,bond,1,1.189037,1.010000,0.179037
165,3,ammonia,bond,2,1.008823,1.010000,0.001177
165,3,ammonia,angle,0,103.028388,107.000000,3.971612
165,3,ammonia,angle,1,110.572932,107.000000,3.572932
165,3,ammonia,angle,2,102.395401,107.000000,4.604599
165,4,acetylene,bond,0,1.055172,1.060000,0.004828
165,4,acetylene,bond,1,1.199090,1.200000,0.000910
165,4,acetylene,bond,2,0.916705,1.060000,0.143295
165,4,acetylene,angle,0,179.601186,180.000000,0.398814
165,4,acetylene,angle,1,170.959206,180.000000,9.040794
165,5,hcl,bond,0,1.227641,1.270000,0.042359
170,0,methane,bond,0,1.144233,1.090000,0.054233
170,0,methane,bond,1,1.029110,1.090000,0.060890
170,0,methane,bond,2,1.148883,1.090000,0.058883
170,0,methane,bond,3,1.081787,1.090000,0.008213
170,0,methane,angle,0,113.333345,109.500000,3.833345
170,0,methane,angle,1,111.738957,109.500000,2.238957
170,0,methane,angle,2,106.746924,109.500000,2.753076
170,0,methane,angle,3,109.681815,109.500000,0.181815
170,0,methane,angle,4,105.128289,109.500000,4.371711
170,0,methane,angle,5,109.931717,109.500000,0.431717
170,1,water,bond,0,0.992081,0.960000,0.032081
170,1,water,bond,1,0.952917,0.960000,0.007083
170,1,water,angle,0,106.302535,104.500000,1.802535
170,2,co2,bond,0,1.162014,1.160000,0.002014
170,2,co2,bond,1,1.152123,1.160000,0.007877
170,2,co2,angle,0,177.115474,180.000000,2.884526
170,3,ammonia,bond,0,1.034560,1.010000,0.024560
170,3,ammonia,bond,1,1.195165,1.010000,0.185165
170,3,ammonia,bond,2,1.009248,1.010000,0.000752
170,3,ammonia,angle,0,102.862408,107.000000,4.137592
170,3,ammonia,angle,1,110.611201,107.000000,3.611201
170,3,ammonia,angle,2,102.242442,107.000000,4.757558
170,4,acetylene,bond,0,1.054201,1.060000,0.005799
170,4,acetylene,bond,1,1.199222,1.200000,0.000778
170,4,acetylene,bond,2,0.912907,1.060000,0.147093
170,4,acetylene,angle,0,179.555699,180.000000,0.444301
170,4,acetylene,angle,1,170.622198,180.000000,9.377802
170,5,hcl,bond,0,1.225909,1.270000,0.044091
175,0,methane,bond,0,1.146644,1.090000,0.056644
175,0,methane,bond,1,1.027905,1.090000,0.062095
175,0,methane,bond,2,1.151591,1.090000,0.061591
175,0,methane,bond,3,1.081925,1.090000,0.008075
175,0,methane,angle,0,113.434465,109.500000,3.934465
175,0,methane,angle,1,111.794769,109.500000,2.294769
175,0,methane,angle,2,106.667327,109.500000,2.832673
175,0,methane,angle,3,109.656769,109.500000,0.156769
175,0,methane,angle,4,105.012696,109.500000,4.487304
175,0,methane,angle,5,109.983677,109.500000,0.483677
175,1,water,bond,0,0.993638,0.960000,0.033638
175,1,water,bond,1,0.953439,0.960000,0.006561
175,1,water,angle,0,106.349351,104.500000,1.849351
175,2,co2,bond,0,1.161907,1.160000,0.001907
175,2,co2,bond,1,1.152238,1.160000,0.007762
175,2,co2,angle,0,177.053885,180.000000,2.946115
175,3,ammonia,bond,0,1.035525,1.010000,0.025525
175,3,ammonia,bond,1,1.201325,1.010000,0.191325
175,3,ammonia,bond,2,1.009716,1.010000,0.000284
175,3,ammonia,angle,0,102.695556,107.000000,4.304444
175,3,ammonia,angle,1,110.646474,107.000000,3.646474
175,3,ammonia,angle,2,102.089433,107.000000,4.910567
175,4,acetylene,bond,0,1.053204,1.060000,0.006796
175,4,acetylene,bond,1,1.199356,1.200000,0.000644
175,4,acetylene,bond,2,0.909165,1.060000,0.150835
175,4,acetylene,angle,0,179.508815,180.000000,0.491185
175,4,acetylene,angle,1,170.282375,180.000000,9.717625
175,5,hcl,bond,0,1.224146,1.270000,0.045854
180,0,methane,bond,0,1.149084,1.090000,0.059084
180,0,methane,bond,1,1.026736,1.090000,0.063264
180,0,methane,bond,2,1.154326,1.090000,0.064326
180,0,methane,bond,3,1.082095,1.090000,0.007905
180,0,methane,angle,0,113.535507,109.500000,4.035507
180,0,methane,angle,1,111.850211,109.500000,2.350211
180,0,methane,angle,2,106.588087,109.500000,2.911913
180,0,methane,angle,3,109.631759,109.500000,0.131759
180,0,methane,angle,4,104.896536,109.500000,4.603464
180,0,methane,angle,5,110.036045,109.500000,0.536045
180,1,water,bond,0,0.995234,0.960000,0.035234
180,1,water,bond,1,0.953999,0.960000,0.006001
180,1,water,angle,0,106.395784,104.500000,1.895784
180,2,co2,bond,0,1.161800,1.160000,0.001800
180,2,co2,bond,1,1.152356,1.160000,0.007644
180,2,co2,angle,0,176.992328,180.000000,3.007672
180,3,ammonia,bond,0,1.036494,1.010000,0.026494
180,3,ammonia,bond,1,1.207514,1.010000,0.197514
180,3,ammonia,bond,2,1.010224,1.010000,0.000224
180,3,ammonia,angle,0,102.527668,107.000000,4.472332
180,3,ammonia,angle,1,110.678996,107.000000,3.678996
180,3,ammonia,angle,2,101.936440,107.000000,5.063560
180,4,acetylene,bond,0,1.052180,1.060000,0.007820
180,4,acetylene,bond,1,1.199492,1.200000,0.000508
180,4,acetylene,bond,2,0.905482,1.060000,0.154518
180,4,acetylene,angle,0,179.460647,180.000000,0.539353
180,4,acetylene,angle,1,169.939915,180.000000,10.060085
180,5,hcl,bond,0,1.222352,1.270000,0.047648
185,0,methane,bond,0,1.151552,1.090000,0.061552
185,0,methane,bond,1,1.025603,1.090000,0.064397
185,0,methane,bond,2,1.157088,1.090000,0.067088
185,0,methane,bond,3,1.082299,1.090000,0.007701
185,0,methane,angle,0,113.636600,109.500000,4.136600
185,0,methane,angle,1,111.905462,109.500000,2.405462
185,0,methane,angle,2,106.509371,109.500000,2.990629
185,0,methane,angle,3,109.606515,109.500000,0.106515
185,0,methane,angle,4,104.779957,109.500000,4.720043
185,0,methane,angle,5,110.088452,109.500000,0.588452
185,1,water,bond,0,0.996866,0.960000,0.036866
185,1,water,bond,1,0.954596,0.960000,0.005404
185,1,water,angle,0,106.441725,104.500000,1.941725
185,2,co2,bond,0,1.161693,1.160000,0.001693
185,2,co2,bond,1,1.152479,1.160000,0.007521
185,2,co2,angle,0,176.930742,180.000000,3.069258
185,3,ammonia,bond,0,1.037466,1.010000,0.027466
185,3,ammonia,bond,1,1.213733,1.010000,0.203733
185,3,ammonia,bond,2,1.010772,1.010000,0.000772
185,3,ammonia,angle,0,102.358693,107.000000,4.641307
185,3,ammonia,angle,1,110.708557,107.000000,3.708557
185,3,ammonia,angle,2,101.783436,107.000000,5.216564
185,4,acetylene,bond,0,1.051131,1.060000,0.008869
185,4,acetylene,bond,1,1.199629,1.200000,0.000371
185,4,acetylene,bond,2,0.901859,1.060000,0.158141
185,4,acetylene,angle,0,179.411258,180.000000,0.588742
185,4,acetylene,angle,1,169.594538,180.000000,10.405462
185,5,hcl,bond,0,1.220529,1.270000,0.049471
190,0,methane,bond,0,1.154051,1.090000,0.064051
190,0,methane,bond,1,1.024503,1.090000,0.065497
190,0,methane,bond,2,1.159882,1.090000,0.069882
190,0,methane,bond,3,1.082539,1.090000,0.007461
190,0,methane,angle,0,113.737430,109.500000,4.237430
190,0,methane,angle,1,111.960667,109.500000,2.460667
190,0,methane,angle,2,106.431087,109.500000,3.068913
190,0,methane,angle,3,109.581188,109.500000,0.081188
190,0,methane,angle,4,104.663200,109.500000,4.836800
190,0,methane,angle,5,110.140761,109.500000,0.640761
190,1,water,bond,0,0.998534,0.960000,0.038534
190,1,water,bond,1,0.955229,0.960000,0.004771
190,1,water,angle,0,106.487387,104.500000,1.987387
190,2,co2,bond,0,1.161586,1.160000,0.001586
190,2,co2,bond,1,1.152607,1.160000,0.007393
190,2,co2,angle,0,176.869127,180.000000,3.130873
190,3,ammonia,bond,0,1.038447,1.010000,0.028447
190,3,ammonia,bond,1,1.219981,1.010000,0.209981
190,3,ammonia,bond,2,1.011362,1.010000,0.001362
190,3,ammonia,angle,0,102.188845,107.000000,4.811155
190,3,ammonia,angle,1,110.735187,107.000000,3.735187
190,3,ammonia,angle,2,101.630412,107.000000,5.369588
190,4,acetylene,bond,0,1.050057,1.060000,0.009943
190,4,acetylene,bond,1,1.199767,1.200000,0.000233
190,4,acetylene,bond,2,0.898295,1.060000,0.161705
190,4,acetylene,angle,0,179.360670,180.000000,0.639330
190,4,acetylene,angle,1,169.246420,180.000000,10.753580
190,5,hcl,bond,0,1.218680,1.270000,0.051320
195,0,methane,bond,0,1.156581,1.090000,0.066581
195,0,methane,bond,1,1.023435,1.090000,0.066565
195,0,methane,bond,2,1.162706,1.090000,0.072706
195,0,methane,bond,3,1.082814,1.090000,0.007186
195,0,methane,angle,0,113.838252,109.500000,4.338252
195,0,methane,angle,1,112.015546,109.500000,2.515546
195,0,methane,angle,2,106.353086,109.500000,3.146914
195,0,methane,angle,3,109.555547,109.500000,0.055547
195,0,methane,angle,4,104.546352,109.500000,4.953648
195,0,methane,angle,5,110.193343,109.500000,0.693343
195,1,water,bond,0,1.000240,0.960000,0.040240
195,1,water,bond,1,0.955897,0.960000,0.004103
195,1,water,angle,0,106.532762,104.500000,2.032762
195,2,co2,bond,0,1.161480,1.160000,0.001480
195,2,co2,bond,1,1.152741,1.160000,0.007259
195,2,co2,angle,0,176.807415,180.000000,3.192585
195,3,ammonia,bond,0,1.039434,1.010000,0.029434
195,3,ammonia,bond,1,1.226257,1.010000,0.216257
195,3,ammonia,bond,2,1.011996,1.010000,0.001996
195,3,ammonia,angle,0,102.018182,107.000000,4.981818
195,3,ammonia,angle,1,110.758742,107.000000,3.758742
195,3,ammonia,angle,2,101.477373,107.000000,5.522627
195,4,acetylene,bond,0,1.048955,1.060000,0.011045
195,4,acetylene,bond,1,1.199906,1.200000,0.000094
195,4,acetylene,bond,2,0.894791,1.060000,0.165209
195,4,acetylene,angle,0,179.308820,180.000000,0.691180
195,4,acetylene,angle,1,168.895530,180.000000,11.104470
195,5,hcl,bond,0,1.216800,1.270000,0.053200
200,0,methane,bond,0,1.159143,1.090000,0.069143
200,0,methane,bond,1,1.022398,1.090000,0.067602
200,0,methane,bond,2,1.165561,1.090000,0.075561
200,0,methane,bond,3,1.083121,1.090000,0.006879
200,0,methane,angle,0,113.939168,109.500000,4.439168
200,0,methane,angle,1,112.070186,109.500000,2.570186
200,0,methane,angle,2,106.275359,109.500000,3.224641
200,0,methane,angle,3,109.529431,109.500000,0.029431
200,0,methane,angle,4,104.429225,109.500000,5.070775
200,0,methane,angle,5,110.246360,109.500000,0.746360
200,1,water,bond,0,1.001983,0.960000,0.041983
200,1,water,bond,1,0.956601,0.960000,0.003399
200,1,water,angle,0,106.577637,104.500000,2.077637
200,2,co2,bond,0,1.161373,1.160000,0.001373
200,2,co2,bond,1,1.152880,1.160000,0.007120
200,2,co2,angle,0,176.745433,180.000000,3.254567
200,3,ammonia,bond,0,1.040424,1.010000,0.030424
200,3,ammonia,bond,1,1.232564,1.010000,0.222564
200,3,ammonia,bond,2,1.012670,1.010000,0.002670
200,3,ammonia,angle,0,101.846494,107.000000,5.153506
200,3,ammonia,angle,1,110.779155,107.000000,3.779155
200,3,ammonia,angle,2,101.324652,107.000000,5.675348
200,4,acetylene,bond,0,1.047828,1.060000,0.012172
200,4,acetylene,bond,1,1.200047,1.200000,0.000047
200,4,acetylene,bond,2,0.891346,1.060000,0.168654
200,4,acetylene,angle,0,179.255749,180.000000,0.744251
200,4,acetylene,angle,1,168.541717,180.000000,11.458283
200,5,hcl,bond,0,1.214893,1.270000,0.055107
205,0,methane,bond,0,1.161740,1.090000,0.071740
205,0,methane,bond,1,1.021392,1.090000,0.068608
205,0,methane,bond,2,1.168444,1.090000,0.078444
205,0,methane,bond,3,1.083459,1.090000,0.006541
205,0,methane,angle,0,114.039903,109.500000,4.539903
205,0,methane,angle,1,112.124645,109.500000,2.624645
205,0,methane,angle,2,106.197710,109.500000,3.302290
205,0,methane,angle,3,109.503318,109.500000,0.003318
205,0,methane,angle,4,104.311854,109.500000,5.188146
205,0,methane,angle,5,110.299684,109.500000,0.799684
205,1,water,bond,0,1.003762,0.960000,0.043762
205,1,water,bond,1,0.957338,0.960000,0.002662
205,1,water,angle,0,106.622296,104.500000,2.122296
205,2,co2,bond,0,1.161267,1.160000,0.001267
205,2,co2,bond,1,1.153022,1.160000,0.006978
205,2,co2,angle,0,176.683329,180.000000,3.316671
205,3,ammonia,bond,0,1.041421,1.010000,0.031421
205,3,ammonia,bond,1,1.238903,1.010000,0.228903
205,3,ammonia,bond,2,1.013384,1.010000,0.003384
205,3,ammonia,angle,0,101.673782,107.000000,5.326218
205,3,ammonia,angle,1,110.796656,107.000000,3.796656
205,3,ammonia,angle,2,101.172044,107.000000,5.827956
205,4,acetylene,bond,0,1.046676,1.060000,0.013324
205,4,acetylene,bond,1,1.200188,1.200000,0.000188
205,4,acetylene,bond,2,0.887963,1.060000,0.172037
205,4,acetylene,angle,0,179.201506,180.000000,0.798494
205,4,acetylene,angle,1,168.185413,180.000000,11.814587
205,5,hcl,bond,0,1.212962,1.270000,0.057038
210,0,methane,bond,0,1.164369,1.090000,0.074369
210,0,methane,bond,1,1.020417,1.090000,0.069583
210,0,methane,bond,2,1.171354,1.090000,0.081354
210,0,methane,bond,3,1.083831,1.090000,0.006169
210,0,methane,angle,0,114.140388,109.500000,4.640388
210,0,methane,angle,1,112.178906,109.500000,2.678906
210,0,methane,angle,2,106.120327,109.500000,3.379673
210,0,methane,angle,3,109.476997,109.500000,0.023003
210,0,methane,angle,4,104.194443,109.500000,5.305557
210,0,methane,angle,5,110.353254,109.500000,0.853254
210,1,water,bond,0,1.005578,0.960000,0.045578
210,1,water,bond,1,0.958113,0.960000,0.001887
210,1,water,angle,0,106.666490,104.500000,2.166490
210,2,co2,bond,0,1.161160,1.160000,0.001160
210,2,co2,bond,1,1.153169,1.160000,0.006831
210,2,co2,angle,0,176.621097,180.000000,3.378903
210,3,ammonia,bond,0,1.042425,1.010000,0.032425
210,3,ammonia,bond,1,1.245274,1.010000,0.235274
210,3,ammonia,bond,2,1.014142,1.010000,0.004142
210,3,ammonia,angle,0,101.500205,107.000000,5.499795
210,3,ammonia,angle,1,110.811284,107.000000,3.811284
210,3,ammonia,angle,2,101.019402,107.000000,5.980598
210,4,acetylene,bond,0,1.045502,1.060000,0.014498
210,4,acetylene,bond,1,1.200331,1.200000,0.000331
210,4,acetylene,bond,2,0.884644,1.060000,0.175356
210,4,acetylene,angle,0,179.146250,180.000000,0.853750
210,4,acetylene,angle,1,167.826533,180.000000,12.173467
210,5,hcl,bond,0,1.211005,1.270000,0.058995
215,0,methane,bond,0,1.167028,1.090000,0.077028
215,0,methane,bond,1,1.019476,1.090000,0.070524
215,0,methane,bond,2,1.174291,1.090000,0.084291
215,0,methane,bond,3,1.084234,1.090000,0.005766
215,0,methane,angle,0,114.240580,109.500000,4.740580
215,0,methane,angle,1,112.232887,109.500000,2.732887
215,0,methane,angle,2,106.043246,109.500000,3.456754
215,0,methane,angle,3,109.450456,109.500000,0.049544
215,0,methane,angle,4,104.077080,109.500000,5.422920
215,0,methane,angle,5,110.407097,109.500000,0.907097
215,1,water,bond,0,1.007432,0.960000,0.047432
215,1,water,bond,1,0.958922,0.960000,0.001078
215,1,water,angle,0,106.710238,104.500000,2.210238
215,2,co2,bond,0,1.161054,1.160000,0.001054
215,2,co2,bond,1,1.153320,1.160000,0.006680
215,2,co2,angle,0,176.558670,180.000000,3.441330
215,3,ammonia,bond,0,1.043435,1.010000,0.033435
215,3,ammonia,bond,1,1.251675,1.010000,0.241675
215,3,ammonia,bond,2,1.014944,1.010000,0.004944
215,3,ammonia,angle,0,101.325736,107.000000,5.674264
215,3,ammonia,angle,1,110.823175,107.000000,3.823175
215,3,ammonia,angle,2,100.866696,107.000000,6.133304
215,4,acetylene,bond,0,1.044304,1.060000,0.015696
215,4,acetylene,bond,1,1.200476,1.200000,0.000476
215,4,acetylene,bond,2,0.881389,1.060000,0.178611
215,4,acetylene,angle,0,179.089946,180.000000,0.910054
215,4,acetylene,angle,1,167.465255,180.000000,12.534745
215,5,hcl,bond,0,1.209024,1.270000,0.060976
220,0,methane,bond,0,1.169719,1.090000,0.079719
220,0,methane,bond,1,1.018568,1.090000,0.071432
220,0,methane,bond,2,1.177260,1.090000,0.087260
220,0,methane,bond,3,1.084669,1.090000,0.005331
220,0,methane,angle,0,114.340483,109.500000,4.840483
220,0,methane,angle,1,112.286745,109.500000,2.786745
220,0,methane,angle,2,105.966454,109.500000,3.533546
220,0,methane,angle,3,109.423695,109.500000,0.076305
220,0,methane,angle,4,103.959748,109.500000,5.540252
220,0,methane,angle,5,110.461064,109.500000,0.961064
220,1,water,bond,0,1.009319,0.960000,0.049319
220,1,water,bond,1,0.959762,0.960000,0.000238
220,1,water,angle,0,106.753789,104.500000,2.253789
220,2,co2,bond,0,1.160949,1.160000,0.000949
220,2,co2,bond,1,1.153474,1.160000,0.006526
220,2,co2,angle,0,176.496278,180.000000,3.503722
220,3,ammonia,bond,0,1.044452,1.010000,0.034452
220,3,ammonia,bond,1,1.258107,1.010000,0.248107
220,3,ammonia,bond,2,1.015785,1.010000,0.005785
220,3,ammonia,angle,0,101.150361,107.000000,5.849639
220,3,ammonia,angle,1,110.832124,107.000000,3.832124
220,3,ammonia,angle,2,100.714061,107.000000,6.285939
220,4,acetylene,bond,0,1.043083,1.060000,0.016917
220,4,acetylene,bond,1,1.200621,1.200000,0.000621
220,4,acetylene,bond,2,0.878197,1.060000,0.181803
220,4,acetylene,angle,0,179.032559,180.000000,0.967441
220,4,acetylene,angle,1,167.101476,180.000000,12.898524
220,5,hcl,bond,0,1.207027,1.270000,0.062973
225,0,methane,bond,0,1.172442,1.090000,0.082442
225,0,methane,bond,1,1.017694,1.090000,0.072306
225,0,methane,bond,2,1.180254,1.090000,0.090254
225,0,methane,bond,3,1.085140,1.090000,0.004860
225,0,methane,angle,0,114.439984,109.500000,4.939984
225,0,methane,angle,1,112.340500,109.500000,2.840500
225,0,methane,angle,2,105.890038,109.500000,3.609962
225,0,methane,angle,3,109.397047,109.500000,0.102953
225,0,methane,angle,4,103.842324,109.500000,5.657676
225,0,methane,angle,5,110.514912,109.500000,1.014912
225,1,water,bond,0,1.011241,0.960000,0.051241
225,1,water,bond,1,0.960639,0.960000,0.000639
225,1,water,angle,0,106.796969,104.500000,2.296969
225,2,co2,bond,0,1.160844,1.160000,0.000844
225,2,co2,bond,1,1.153633,1.160000,0.006367
225,2,co2,angle,0,176.433813,180.000000,3.566187
225,3,ammonia,bond,0,1.045477,1.010000,0.035477
225,3,ammonia,bond,1,1.264566,1.010000,0.254566
225,3,ammonia,bond,2,1.016667,1.010000,0.006667
225,3,ammonia,angle,0,100.974160,107.000000,6.025840
225,3,ammonia,angle,1,110.838022,107.000000,3.838022
225,3,ammonia,angle,2,100.561718,107.000000,6.438282
225,4,acetylene,bond,0,1.041835,1.060000,0.018165
225,4,acetylene,bond,1,1.200767,1.200000,0.000767
225,4,acetylene,bond,2,0.875068,1.060000,0.184932
225,4,acetylene,angle,0,178.974036,180.000000,1.025964
225,4,acetylene,angle,1,166.735042,180.000000,13.264958
225,5,hcl,bond,0,1.205031,1.270000,0.064969
230,0,methane,bond,0,1.175196,1.090000,0.085196
230,0,methane,bond,1,1.016856,1.090000,0.073144
230,0,methane,bond,2,1.183272,1.090000,0.093272
230,0,methane,bond,3,1.085643,1.090000,0.004357
230,0,methane,angle,0,114.538992,109.500000,5.038992
230,0,methane,angle,1,112.394454,109.500000,2.894454
230,0,methane,angle,2,105.814050,109.500000,3.685950
230,0,methane,angle,3,109.370294,109.500000,0.129706
230,0,methane,angle,4,103.724523,109.500000,5.775477
230,0,methane,angle,5,110.568864,109.500000,1.068864
230,1,water,bond,0,1.013200,0.960000,0.053200
230,1,water,bond,1,0.961553,0.960000,0.001553
230,1,water,angle,0,106.840051,104.500000,2.340051
230,2,co2,bond,0,1.160741,1.160000,0.000741
230,2,co2,bond,1,1.153795,1.160000,0.006205
230,2,co2,angle,0,176.371133,180.000000,3.628867
230,3,ammonia,bond,0,1.046509,1.010000,0.036509
230,3,ammonia,bond,1,1.271053,1.010000,0.261053
230,3,ammonia,bond,2,1.017595,1.010000,0.007595
230,3,ammonia,angle,0,100.797221,107.000000,6.202779
230,3,ammonia,angle,1,110.841031,107.000000,3.841031
230,3,ammonia,angle,2,100.409520,107.000000,6.590480
230,4,acetylene,bond,0,1.040564,1.060000,0.019436
230,4,acetylene,bond,1,1.200914,1.200000,0.000914
230,4,acetylene,bond,2,0.872002,1.060000,0.187998
230,4,acetylene,angle,0,178.914344,180.000000,1.085656
230,4,acetylene,angle,1,166.365842,180.000000,13.634158
230,5,hcl,bond,0,1.203052,1.270000,0.066948
235,0,methane,bond,0,1.177980,1.090000,0.087980
235,0,methane,bond,1,1.016054,1.090000,0.073946
235,0,methane,bond,2,1.186319,1.090000,0.096319
235,0,methane,bond,3,1.086176,1.090000,0.003824
235,0,methane,angle,0,114.637543,109.500000,5.137543
235,0,methane,angle,1,112.448329,109.500000,2.948329
235,0,methane,angle,2,105.738661,109.500000,3.761339
235,0,methane,angle,3,109.343429,109.500000,0.156571
235,0,methane,angle,4,103.606352,109.500000,5.893648
235,0,methane,angle,5,110.623024,109.500000,1.123024
235,1,water,bond,0,1.015195,0.960000,0.055195
235,1,water,bond,1,0.962506,0.960000,0.002506
235,1,water,angle,0,106.882921,104.500000,2.382921
235,2,co2,bond,0,1.160640,1.160000,0.000640
235,2,co2,bond,1,1.153962,1.160000,0.006038
235,2,co2,angle,0,176.308303,180.000000,3.691697
235,3,ammonia,bond,0,1.047548,1.010000,0.037548
235,3,ammonia,bond,1,1.277568,1.010000,0.267568
235,3,ammonia,bond,2,1.018566,1.010000,0.008566
235,3,ammonia,angle,0,100.619404,107.000000,6.380596
235,3,ammonia,angle,1,110.841167,107.000000,3.841167
235,3,ammonia,angle,2,100.257572,107.000000,6.742428
235,4,acetylene,bond,0,1.039275,1.060000,0.020725
235,4,acetylene,bond,1,1.201062,1.200000,0.001062
235,4,acetylene,bond,2,0.868999,1.060000,0.191001
235,4,acetylene,angle,0,178.853413,180.000000,1.146587
235,4,acetylene,angle,1,165.994025,180.000000,14.005975
235,5,hcl,bond,0,1.201099,1.270000,0.068901
240,0,methane,bond,0,1.180795,1.090000,0.090795
240,0,methane,bond,1,1.015286,1.090000,0.074714
240,0,methane,bond,2,1.189395,1.090000,0.099395
240,0,methane,bond,3,1.086743,1.090000,0.003257
240,0,methane,angle,0,114.735868,109.500000,5.235868
240,0,methane,angle,1,112.502120,109.500000,3.002120
240,0,methane,angle,2,105.663577,109.500000,3.836423
240,0,methane,angle,3,109.316491,109.500000,0.183509
240,0,methane,angle,4,103.487754,109.500000,6.012246
240,0,methane,angle,5,110.677464,109.500000,1.177464
240,1,water,bond,0,1.017226,0.960000,0.057226
240,1,water,bond,1,0.963494,0.960000,0.003494
240,1,water,angle,0,106.925212,104.500000,2.425212
240,2,co2,bond,0,1.160539,1.160000,0.000539
240,2,co2,bond,1,1.154132,1.160000,0.005868
240,2,co2,angle,0,176.245300,180.000000,3.754700
240,3,ammonia,bond,0,1.048598,1.010000,0.038598
240,3,ammonia,bond,1,1.284110,1.010000,0.274110
240,3,ammonia,bond,2,1.019582,1.010000,0.009582
240,3,ammonia,angle,0,100.440875,107.000000,6.559125
240,3,ammonia,angle,1,110.838317,107.000000,3.838317
240,3,ammonia,angle,2,100.105697,107.000000,6.894303
240,4,acetylene,bond,0,1.037961,1.060000,0.022039
240,4,acetylene,bond,1,1.201210,1.200000,0.001210
240,4,acetylene,bond,2,0.866059,1.060000,0.193941
240,4,acetylene,angle,0,178.791344,180.000000,1.208656
240,4,acetylene,angle,1,165.619780,180.000000,14.380220
240,5,hcl,bond,0,1.199178,1.270000,0.070822
245,0,methane,bond,0,1.183641,1.090000,0.093641
245,0,methane,bond,1,1.014550,1.090000,0.075450
245,0,methane,bond,2,1.192504,1.090000,0.102504
245,0,methane,bond,3,1.087341,1.090000,0.002659
245,0,methane,angle,0,114.833894,109.500000,5.333894
245,0,methane,angle,1,112.555965,109.500000,3.055965
245,0,methane,angle,2,105.588818,109.500000,3.911182
245,0,methane,angle,3,109.289198,109.500000,0.210802
245,0,methane,angle,4,103.369244,109.500000,6.130756
245,0,methane,angle,5,110.731890,109.500000,1.231890
245,1,water,bond,0,1.019291,0.960000,0.059291
245,1,water,bond,1,0.964517,0.960000,0.004517
245,1,water,angle,0,106.966770,104.500000,2.466770
245,2,co2,bond,0,1.160440,1.160000,0.000440
245,2,co2,bond,1,1.154307,1.160000,0.005693
245,2,co2,angle,0,176.182098,180.000000,3.817902
245,3,ammonia,bond,0,1.049656,1.010000,0.039656
245,3,ammonia,bond,1,1.290680,1.010000,0.280680
245,3,ammonia,bond,2,1.020638,1.010000,0.010638
245,3,ammonia,angle,0,100.261478,107.000000,6.738522
245,3,ammonia,angle,1,110.832482,107.000000,3.832482
245,3,ammonia,angle,2,99.954144,107.000000,7.045856
245,4,acetylene,bond,0,1.036623,1.060000,0.023377
245,4,acetylene,bond,1,1.201361,1.200000,0.001361
245,4,acetylene,bond,2,0.863182,1.060000,0.196818
245,4,acetylene,angle,0,178.727844,180.000000,1.272156
245,4,acetylene,angle,1,165.243184,180.000000,14.756816
245,5,hcl,bond,0,1.197289,1.270000,0.072711
250,0,methane,bond,0,1.186515,1.090000,0.096515
250,0,methane,bond,1,1.013846,1.090000,0.076154
250,0,methane,bond,2,1.195645,1.090000,0.105645
250,0,methane,bond,3,1.087972,1.090000,0.002028
250,0,methane,angle,0,114.931508,109.500000,5.431508
250,0,methane,angle,1,112.609684,109.500000,3.109684
250,0,methane,angle,2,105.514524,109.500000,3.985476
250,0,methane,angle,3,109.261727,109.500000,0.238273
250,0,methane,angle,4,103.250722,109.500000,6.249278
250,0,methane,angle,5,110.786394,109.500000,1.286394
250,1,water,bond,0,1.021393,0.960000,0.061393
250,1,water,bond,1,0.965573,0.960000,0.005573
250,1,water,angle,0,107.007973,104.500000,2.507973
250,2,co2,bond,0,1.160340,1.160000,0.000340
250,2,co2,bond,1,1.154486,1.160000,0.005514
250,2,co2,angle,0,176.118790,180.000000,3.881210
250,3,ammonia,bond,0,1.050719,1.010000,0.040719
250,3,ammonia,bond,1,1.297281,1.010000,0.287281
250,3,ammonia,bond,2,1.021737,1.010000,0.011737
250,3,ammonia,angle,0,100.080887,107.000000,6.919113
250,3,ammonia,angle,1,110.823864,107.000000,3.823864
250,3,ammonia,angle,2,99.802700,107.000000,7.197300
250,4,acetylene,bond,0,1.035265,1.060000,0.024735
250,4,acetylene,bond,1,1.201510,1.200000,0.001510
250,4,acetylene,bond,2,0.860372,1.060000,0.199628
250,4,acetylene,angle,0,178.662940,180.000000,1.337060
250,4,acetylene,angle,1,164.864487,180.000000,15.135513
250,5,hcl,bond,0,1.195428,1.270000,0.074572
