step,atom_id,type,fx_lj,fy_lj,fz_lj
0,0,C,0.000000,-0.000007,0.000002
0,1,H,0.000020,0.000021,0.000021
0,2,H,0.000018,-0.000019,-0.000018
0,3,H,-0.000022,0.000021,-0.000022
0,4,H,-0.000017,-0.000017,0.000016
0,5,O,-0.000010,-0.000135,-0.000002
0,6,H,0.000088,0.000074,0.000001
0,7,H,-0.000083,0.000064,0.000001
0,8,O,-0.000066,-0.000003,0.000000
0,9,C,-0.000014,0.000001,0.000001
0,10,O,0.000084,-0.000000,-0.000001
0,11,N,-0.000013,-0.000002,0.000108
0,12,H,-0.017607,-0.000119,-0.016196
0,13,H,-0.000042,0.000073,-0.000034
0,14,H,-0.000043,-0.000071,-0.000034
0,15,H,0.017656,0.000121,0.016154
0,16,C,-0.000023,-0.000002,-0.000001
0,17,C,0.000026,0.000001,0.000001
0,18,H,-0.001272,0.000007,0.000004
0,19,H,0.001306,-0.000007,-0.000004
0,20,Cl,0.000010,-0.000000,0.000000
5,0,C,0.000000,-0.000006,0.000001
5,1,H,0.000020,0.000020,0.000021
5,2,H,0.000018,-0.000018,-0.000018
5,3,H,-0.000021,0.000021,-0.000021
5,4,H,-0.000017,-0.000017,0.000017
5,5,O,-0.000009,-0.000131,-0.000002
5,6,H,0.000085,0.000071,0.000001
5,7,H,-0.000081,0.000062,0.000001
5,8,O,-0.000066,-0.000003,0.000000
5,9,C,-0.000013,0.000001,0.000001
5,10,O,0.000083,-0.000000,-0.000001
5,11,N,-0.000006,0.000001,0.000109
5,12,H,-0.018619,-0.000163,-0.017192
5,13,H,-0.000043,0.000074,-0.000034
5,14,H,-0.000046,-0.000075,-0.000036
5,15,H,0.018664,0.000164,0.017153
5,16,C,-0.000023,-0.000002,-0.000001
5,17,C,0.000027,0.000001,0.000001
5,18,H,-0.001290,0.000004,-0.000003
5,19,H,0.001324,-0.000004,0.000003
5,20,Cl,0.000010,-0.000000,0.000000
10,0,C,0.000000,-0.000005,0.000001
10,1,H,0.000020,0.000020,0.000021
10,2,H,0.000017,-0.000018,-0.000018
10,3,H,-0.000020,0.000020,-0.000020
10,4,H,-0.000017,-0.000017,0.000017
10,5,O,-0.000008,-0.000127,-0.000002
10,6,H,0.000082,0.000069,0.000001
10,7,H,-0.000078,0.000060,0.000001
10,8,O,-0.000065,-0.000003,0.000000
10,9,C,-0.000013,0.000001,0.000001
10,10,O,0.000083,-0.000000,-0.000001
10,11,N,0.000001,0.000004,0.000110
10,12,H,-0.019661,-0.000211,-0.018226
10,13,H,-0.000043,0.000075,-0.000035
10,14,H,-0.000048,-0.000079,-0.000038
10,15,H,0.019702,0.000213,0.018188
10,16,C,-0.000022,-0.000002,-0.000001
10,17,C,0.000027,0.000001,0.000001
10,18,H,-0.001307,0.000000,-0.000010
10,19,H,0.001340,-0.000001,0.000010
10,20,Cl,0.000011,-0.000000,0.000000
15,0,C,0.000000,-0.000004,-0.000000
15,1,H,0.000020,0.000020,0.000020
15,2,H,0.000017,-0.000018,-0.000017
15,3,H,-0.000020,0.000020,-0.000020
15,4,H,-0.000017,-0.000018,0.000017
15,5,O,-0.000007,-0.000123,-0.000002
15,6,H,0.000079,0.000067,0.000001
15,7,H,-0.000076,0.000058,0.000001
15,8,O,-0.000065,-0.000003,0.000000
15,9,C,-0.000013,0.000001,0.000001
15,10,O,0.000083,-0.000000,-0.000001
15,11,N,0.000007,0.000007,0.000112
15,12,H,-0.020730,-0.000264,-0.019295
15,13,H,-0.000044,0.000076,-0.000035
15,14,H,-0.000050,-0.000084,-0.000040
15,15,H,0.020768,0.000266,0.019259
15,16,C,-0.000022,-0.000002,-0.000001
15,17,C,0.000027,0.000002,0.000001
15,18,H,-0.001321,-0.000003,-0.000018
15,19,H,0.001355,0.000002,0.000017
15,20,Cl,0.000011,-0.000000,-0.000000
20,0,C,0.000000,-0.000003,-0.000001
20,1,H,0.000019,0.000019,0.000020
20,2,H,0.000017,-0.000017,-0.000017
20,3,H,-0.000019,0.000019,-0.000019
20,4,H,-0.000017,-0.000018,0.000017
20,5,O,-0.000006,-0.000119,-0.000002
20,6,H,0.000076,0.000065,0.000001
20,7,H,-0.000074,0.000057,0.000001
20,8,O,-0.000065,-0.000003,0.000000
20,9,C,-0.000012,0.000001,0.000001
20,10,O,0.000082,-0.000000,-0.000001
20,11,N,0.000014,0.000010,0.000113
20,12,H,-0.021827,-0.000322,-0.020401
20,13,H,-0.000045,0.000077,-0.000036
20,14,H,-0.000053,-0.000088,-0.000043
20,15,H,0.021861,0.000324,0.020366
20,16,C,-0.000021,-0.000002,-0.000001
20,17,C,0.000028,0.000002,0.000001
20,18,H,-0.001334,-0.000006,-0.000025
20,19,H,0.001367,0.000005,0.000025
20,20,Cl,0.000011,-0.000000,-0.000000
25,0,C,0.000000,-0.000003,-0.000002
25,1,H,0.000019,0.000019,0.000020
25,2,H,0.000017,-0.000017,-0.000017
25,3,H,-0.000018,0.000019,-0.000019
25,4,H,-0.000018,-0.000018,0.000018
25,5,O,-0.000006,-0.000115,-0.000002
25,6,H,0.000073,0.000062,0.000001
25,7,H,-0.000072,0.000055,0.000001
25,8,O,-0.000065,-0.000003,0.000000
25,9,C,-0.000012,0.000001,0.000001
25,10,O,0.000082,-0.000000,-0.000001
25,11,N,0.000020,0.000014,0.000115
25,12,H,-0.022951,-0.000386,-0.021543
25,13,H,-0.000046,0.000078,-0.000037
25,14,H,-0.000056,-0.000093,-0.000045
25,15,H,0.022982,0.000388,0.021509
25,16,C,-0.000021,-0.000002,-0.000001
25,17,C,0.000028,0.000002,0.000002
25,18,H,-0.001345,-0.000009,-0.000033
25,19,H,0.001377,0.000009,0.000032
25,20,Cl,0.000011,-0.000000,-0.000000
30,0,C,0.000000,-0.000002,-0.000002
30,1,H,0.000019,0.000019,0.000019
30,2,H,0.000016,-0.000017,-0.000017
30,3,H,-0.000018,0.000018,-0.000018
30,4,H,-0.000018,-0.000019,0.000018
30,5,O,-0.000005,-0.000111,-0.000002
30,6,H,0.000070,0.000060,0.000001
30,7,H,-0.000070,0.000054,0.000001
30,8,O,-0.000065,-0.000003,0.000000
30,9,C,-0.000012,0.000001,0.000002
30,10,O,0.000082,-0.000000,-0.000002
30,11,N,0.000027,0.000018,0.000117
30,12,H,-0.024100,-0.000455,-0.022720
30,13,H,-0.000046,0.000079,-0.000037
30,14,H,-0.000058,-0.000098,-0.000048
30,15,H,0.024127,0.000458,0.022688
30,16,C,-0.000020,-0.000002,-0.000001
30,17,C,0.000028,0.000002,0.000002
30,18,H,-0.001353,-0.000013,-0.000040
30,19,H,0.001385,0.000012,0.000040
30,20,Cl,0.000011,-0.000000,-0.000000
35,0,C,0.000000,-0.000001,-0.000003
35,1,H,0.000019,0.000018,0.000019
35,2,H,0.000016,-0.000016,-0.000016
35,3,H,-0.000017,0.000018,-0.000018
35,4,H,-0.000018,-0.000019,0.000018
35,5,O,-0.000004,-0.000108,-0.000002
35,6,H,0.000067,0.000058,0.000000
35,7,H,-0.000068,0.000052,0.000001
35,8,O,-0.000065,-0.000003,0.000000
35,9,C,-0.000012,0.000001,0.000002
35,10,O,0.000081,-0.000000,-0.000002
35,11,N,0.000033,0.000022,0.000119
35,12,H,-0.025273,-0.000531,-0.023931
35,13,H,-0.000047,0.000080,-0.000038
35,14,H,-0.000061,-0.000103,-0.000051
35,15,H,0.025297,0.000534,0.023901
35,16,C,-0.000019,-0.000002,-0.000001
35,17,C,0.000029,0.000002,0.000002
35,18,H,-0.001360,-0.000016,-0.000048
35,19,H,0.001391,0.000015,0.000047
35,20,Cl,0.000011,-0.000000,-0.000000
40,0,C,0.000000,-0.000000,-0.000004
40,1,H,0.000018,0.000018,0.000018
40,2,H,0.000016,-0.000016,-0.000016
40,3,H,-0.000016,0.000017,-0.000017
40,4,H,-0.000018,-0.000019,0.000018
40,5,O,-0.000003,-0.000104,-0.000002
40,6,H,0.000065,0.000056,0.000000
40,7,H,-0.000066,0.000050,0.000001
40,8,O,-0.000065,-0.000003,0.000000
40,9,C,-0.000011,0.000001,0.000002
40,10,O,0.000081,-0.000000,-0.000002
40,11,N,0.000039,0.000026,0.000121
40,12,H,-0.026468,-0.000613,-0.025175
40,13,H,-0.000048,0.000081,-0.000039
40,14,H,-0.000064,-0.000109,-0.000054
40,15,H,0.026488,0.000616,0.025146
40,16,C,-0.000019,-0.000003,-0.000001
40,17,C,0.000029,0.000002,0.000002
40,18,H,-0.001364,-0.000019,-0.000056
40,19,H,0.001394,0.000018,0.000055
40,20,Cl,0.000011,-0.000000,-0.000000
45,0,C,0.000000,0.000000,-0.000004
45,1,H,0.000018,0.000018,0.000018
45,2,H,0.000015,-0.000016,-0.000016
45,3,H,-0.000016,0.000017,-0.000017
45,4,H,-0.000018,-0.000019,0.000019
45,5,O,-0.000003,-0.000101,-0.000001
45,6,H,0.000062,0.000054,0.000000
45,7,H,-0.000064,0.000049,0.000001
45,8,O,-0.000065,-0.000003,0.000000
45,9,C,-0.000011,0.000001,0.000002
45,10,O,0.000081,-0.000000,-0.000002
45,11,N,0.000046,0.000031,0.000124
45,12,H,-0.027678,-0.000700,-0.026445
45,13,H,-0.000048,0.000082,-0.000039
45,14,H,-0.000067,-0.000115,-0.000057
45,15,H,0.027695,0.000703,0.026417
45,16,C,-0.000018,-0.000003,-0.000000
45,17,C,0.000029,0.000002,0.000002
45,18,H,-0.001365,-0.000022,-0.000063
45,19,H,0.001396,0.000022,0.000062
45,20,Cl,0.000011,-0.000000,-0.000000
50,0,C,0.000001,0.000001,-0.000005
50,1,H,0.000018,0.000017,0.000018
50,2,H,0.000015,-0.000015,-0.000016
50,3,H,-0.000015,0.000016,-0.000016
50,4,H,-0.000019,-0.000020,0.000019
50,5,O,-0.000002,-0.000097,-0.000001
50,6,H,0.000060,0.000053,0.000000
50,7,H,-0.000062,0.000047,0.000001
50,8,O,-0.000065,-0.000003,0.000000
50,9,C,-0.000011,0.000000,0.000002
50,10,O,0.000080,-0.000000,-0.000002
50,11,N,0.000052,0.000036,0.000127
50,12,H,-0.028902,-0.000794,-0.027742
50,13,H,-0.000049,0.000083,-0.000040
50,14,H,-0.000071,-0.000121,-0.000060
50,15,H,0.028916,0.000797,0.027715
50,16,C,-0.000018,-0.000003,-0.000000
50,17,C,0.000029,0.000002,0.000002
50,18,H,-0.001365,-0.000026,-0.000071
50,19,H,0.001395,0.000025,0.000070
50,20,Cl,0.000011,-0.000000,-0.000000
55,0,C,0.000001,0.000002,-0.000006
55,1,H,0.000018,0.000017,0.000017
55,2,H,0.000015,-0.000015,-0.000015
55,3,H,-0.000015,0.000016,-0.000016
55,4,H,-0.000019,-0.000020,0.000019
55,5,O,-0.000002,-0.000094,-0.000001
55,6,H,0.000057,0.000051,0.000000
55,7,H,-0.000060,0.000046,0.000001
55,8,O,-0.000065,-0.000003,0.000000
55,9,C,-0.000010,0.000000,0.000002
55,10,O,0.000080,-0.000000,-0.000002
55,11,N,0.000059,0.000041,0.000130
55,12,H,-0.030140,-0.000894,-0.029065
55,13,H,-0.000049,0.000084,-0.000040
55,14,H,-0.000074,-0.000127,-0.000064
55,15,H,0.030151,0.000898,0.029039
55,16,C,-0.000017,-0.000003,-0.000000
55,17,C,0.000030,0.000002,0.000002
55,18,H,-0.001362,-0.000029,-0.000078
55,19,H,0.001391,0.000028,0.000077
55,20,Cl,0.000011,-0.000000,-0.000000
60,0,C,0.000001,0.000003,-0.000006
60,1,H,0.000017,0.000017,0.000017
60,2,H,0.000015,-0.000015,-0.000015
60,3,H,-0.000014,0.000015,-0.000015
60,4,H,-0.000019,-0.000020,0.000019
60,5,O,-0.000001,-0.000091,-0.000001
60,6,H,0.000055,0.000049,-0.000000
60,7,H,-0.000059,0.000045,0.000001
60,8,O,-0.000064,-0.000003,0.000000
60,9,C,-0.000010,0.000000,0.000002
60,10,O,0.000079,-0.000000,-0.000002
60,11,N,0.000065,0.000047,0.000133
60,12,H,-0.031387,-0.001001,-0.030411
60,13,H,-0.000050,0.000085,-0.000041
60,14,H,-0.000077,-0.000133,-0.000068
60,15,H,0.031395,0.001004,0.030386
60,16,C,-0.000016,-0.000003,-0.000000
60,17,C,0.000030,0.000003,0.000002
60,18,H,-0.001357,-0.000032,-0.000085
60,19,H,0.001386,0.000031,0.000084
60,20,Cl,0.000012,-0.000000,-0.000000
65,0,C,0.000001,0.000003,-0.000007
65,1,H,0.000017,0.000017,0.000017
65,2,H,0.000014,-0.000014,-0.000015
65,3,H,-0.000013,0.000015,-0.000015
65,4,H,-0.000019,-0.000020,0.000020
65,5,O,-0.000001,-0.000088,-0.000001
65,6,H,0.000052,0.000047,-0.000000
65,7,H,-0.000057,0.000043,0.000001
65,8,O,-0.000064,-0.000003,0.000000
65,9,C,-0.000010,0.000000,0.000002
65,10,O,0.000079,-0.000000,-0.000002
65,11,N,0.000071,0.000053,0.000137
65,12,H,-0.032642,-0.001114,-0.031778
65,13,H,-0.000051,0.000086,-0.000042
65,14,H,-0.000081,-0.000140,-0.000071
65,15,H,0.032647,0.001118,0.031754
65,16,C,-0.000015,-0.000003,-0.000000
65,17,C,0.000030,0.000003,0.000002
65,18,H,-0.001349,-0.000035,-0.000092
65,19,H,0.001378,0.000034,0.000091
65,20,Cl,0.000012,-0.000000,-0.000000
70,0,C,0.000001,0.000004,-0.000007
70,1,H,0.000017,0.000016,0.000016
70,2,H,0.000014,-0.000014,-0.000015
70,3,H,-0.000013,0.000014,-0.000014
70,4,H,-0.000019,-0.000021,0.000020
70,5,O,-0.000000,-0.000085,-0.000001
70,6,H,0.000050,0.000046,-0.000000
70,7,H,-0.000055,0.000042,0.000001
70,8,O,-0.000064,-0.000003,0.000000
70,9,C,-0.000009,0.000000,0.000002
70,10,O,0.000079,-0.000000,-0.000002
70,11,N,0.000078,0.000059,0.000140
70,12,H,-0.033897,-0.001234,-0.033160
70,13,H,-0.000051,0.000087,-0.000042
70,14,H,-0.000085,-0.000147,-0.000075
70,15,H,0.033900,0.001238,0.033137
70,16,C,-0.000015,-0.000003,-0.000000
70,17,C,0.000030,0.000003,0.000002
70,18,H,-0.001340,-0.000038,-0.000099
70,19,H,0.001368,0.000037,0.000098
70,20,Cl,0.000012,-0.000000,-0.000000
75,0,C,0.000001,0.000005,-0.000008
75,1,H,0.000016,0.000016,0.000016
75,2,H,0.000014,-0.000014,-0.000014
75,3,H,-0.000012,0.000014,-0.000014
75,4,H,-0.000019,-0.000021,0.000020
75,5,O,0.000000,-0.000082,-0.000001
75,6,H,0.000048,0.000044,-0.000000
75,7,H,-0.000053,0.000040,0.000001
75,8,O,-0.000064,-0.000003,0.000000
75,9,C,-0.000009,0.000000,0.000002
75,10,O,0.000078,-0.000000,-0.000002
75,11,N,0.000084,0.000065,0.000144
75,12,H,-0.035148,-0.001360,-0.034553
75,13,H,-0.000052,0.000088,-0.000043
75,14,H,-0.000089,-0.000155,-0.000080
75,15,H,0.035148,0.001364,0.034530
75,16,C,-0.000014,-0.000004,-0.000000
75,17,C,0.000030,0.000003,0.000002
75,18,H,-0.001328,-0.000041,-0.000105
75,19,H,0.001356,0.000040,0.000105
75,20,Cl,0.000012,-0.000000,-0.000000
80,0,C,0.000001,0.000006,-0.000008
80,1,H,0.000016,0.000016,0.000016
80,2,H,0.000014,-0.000013,-0.000014
80,3,H,-0.000012,0.000013,-0.000013
80,4,H,-0.000019,-0.000021,0.000020
80,5,O,0.000001,-0.000079,-0.000001
80,6,H,0.000046,0.000043,-0.000000
80,7,H,-0.000052,0.000039,0.000001
80,8,O,-0.000064,-0.000003,0.000000
80,9,C,-0.000009,0.000000,0.000002
80,10,O,0.000078,-0.000000,-0.000002
80,11,N,0.000091,0.000072,0.000148
80,12,H,-0.036388,-0.001492,-0.035948
80,13,H,-0.000052,0.000089,-0.000043
80,14,H,-0.000093,-0.000162,-0.000084
80,15,H,0.036385,0.001495,0.035926
80,16,C,-0.000013,-0.000004,-0.000000
80,17,C,0.000030,0.000003,0.000002
80,18,H,-0.001314,-0.000044,-0.000111
80,19,H,0.001342,0.000042,0.000111
80,20,Cl,0.000012,-0.000000,-0.000000
85,0,C,0.000002,0.000006,-0.000009
85,1,H,0.000016,0.000015,0.000015
85,2,H,0.000013,-0.000013,-0.000014
85,3,H,-0.000011,0.000013,-0.000013
85,4,H,-0.000020,-0.000021,0.000020
85,5,O,0.000001,-0.000076,-0.000001
85,6,H,0.000044,0.000041,-0.000000
85,7,H,-0.000050,0.000038,0.000001
85,8,O,-0.000064,-0.000003,0.000000
85,9,C,-0.000009,0.000000,0.000002
85,10,O,0.000078,-0.000000,-0.000002
85,11,N,0.000097,0.000079,0.000153
85,12,H,-0.037615,-0.001628,-0.037345
85,13,H,-0.000053,0.000089,-0.000044
85,14,H,-0.000097,-0.000170,-0.000089
85,15,H,0.037609,0.001632,0.037324
85,16,C,-0.000012,-0.000004,-0.000000
85,17,C,0.000031,0.000003,0.000002
85,18,H,-0.001299,-0.000046,-0.000117
85,19,H,0.001325,0.000045,0.000117
85,20,Cl,0.000012,-0.000000,-0.000000
90,0,C,0.000002,0.000007,-0.000010
90,1,H,0.000016,0.000015,0.000015
90,2,H,0.000013,-0.000013,-0.000014
90,3,H,-0.000011,0.000012,-0.000012
90,4,H,-0.000020,-0.000022,0.000021
90,5,O,0.000001,-0.000073,-0.000001
90,6,H,0.000042,0.000040,-0.000000
90,7,H,-0.000048,0.000037,0.000001
90,8,O,-0.000064,-0.000003,0.000000
90,9,C,-0.000008,0.000000,0.000002
90,10,O,0.000077,-0.000000,-0.000002
90,11,N,0.000104,0.000087,0.000158
90,12,H,-0.038821,-0.001771,-0.038736
90,13,H,-0.000053,0.000090,-0.000044
90,14,H,-0.000101,-0.000179,-0.000094
90,15,H,0.038813,0.001775,0.038716
90,16,C,-0.000011,-0.000004,-0.000000
90,17,C,0.000031,0.000003,0.000002
90,18,H,-0.001281,-0.000049,-0.000123
90,19,H,0.001307,0.000047,0.000122
90,20,Cl,0.000012,-0.000000,-0.000000
95,0,C,0.000002,0.000008,-0.000010
95,1,H,0.000015,0.000015,0.000015
95,2,H,0.000013,-0.000012,-0.000013
95,3,H,-0.000010,0.000012,-0.000012
95,4,H,-0.000020,-0.000022,0.000021
95,5,O,0.000002,-0.000071,-0.000001
95,6,H,0.000040,0.000038,-0.000000
95,7,H,-0.000047,0.000035,0.000001
95,8,O,-0.000064,-0.000003,0.000000
95,9,C,-0.000008,0.000000,0.000002
95,10,O,0.000077,-0.000000,-0.000002
95,11,N,0.000111,0.000095,0.000162
95,12,H,-0.040003,-0.001919,-0.040117
95,13,H,-0.000054,0.000091,-0.000045
95,14,H,-0.000105,-0.000187,-0.000099
95,15,H,0.039993,0.001923,0.040098
95,16,C,-0.000011,-0.000004,-0.000000
95,17,C,0.000031,0.000003,0.000002
95,18,H,-0.001261,-0.000051,-0.000128
95,19,H,0.001288,0.000049,0.000127
95,20,Cl,0.000013,-0.000000,-0.000000
100,0,C,0.000002,0.000008,-0.000011
100,1,H,0.000015,0.000014,0.000014
100,2,H,0.000013,-0.000012,-0.000013
100,3,H,-0.000010,0.000012,-0.000012
100,4,H,-0.000020,-0.000022,0.000021
100,5,O,0.000002,-0.000068,-0.000001
100,6,H,0.000038,0.000037,-0.000000
100,7,H,-0.000045,0.000034,0.000001
100,8,O,-0.000064,-0.000003,0.000000
100,9,C,-0.000008,-0.000000,0.000002
100,10,O,0.000077,-0.000000,-0.000002
100,11,N,0.000117,0.000103,0.000168
100,12,H,-0.041157,-0.002072,-0.041484
100,13,H,-0.000054,0.000092,-0.000045
100,14,H,-0.000110,-0.000196,-0.000104
100,15,H,0.041145,0.002076,0.041466
100,16,C,-0.000010,-0.000004,-0.000000
100,17,C,0.000031,0.000003,0.000002
100,18,H,-0.001240,-0.000053,-0.000133
100,19,H,0.001266,0.000052,0.000132
100,20,Cl,0.000013,-0.000000,-0.000000
105,0,C,0.000003,0.000009,-0.000011
105,1,H,0.000015,0.000014,0.000014
105,2,H,0.000012,-0.000012,-0.000013
105,3,H,-0.000010,0.000011,-0.000011
105,4,H,-0.000020,-0.000022,0.000021
105,5,O,0.000002,-0.000066,-0.000001
105,6,H,0.000036,0.000036,-0.000001
105,7,H,-0.000044,0.000033,0.000001
105,8,O,-0.000064,-0.000003,0.000000
105,9,C,-0.000007,-0.000000,0.000002
105,10,O,0.000076,-0.000000,-0.000002
105,11,N,0.000124,0.000112,0.000173
105,12,H,-0.042277,-0.002230,-0.042830
105,13,H,-0.000055,0.000092,-0.000046
105,14,H,-0.000115,-0.000206,-0.000110
105,15,H,0.042262,0.002234,0.042812
105,16,C,-0.000009,-0.000005,-0.000000
105,17,C,0.000031,0.000003,0.000002
105,18,H,-0.001218,-0.000055,-0.000137
105,19,H,0.001243,0.000053,0.000136
105,20,Cl,0.000013,0.000000,-0.000001
110,0,C,0.000003,0.000009,-0.000012
110,1,H,0.000014,0.000014,0.000014
110,2,H,0.000012,-0.000011,-0.000012
110,3,H,-0.000009,0.000011,-0.000011
110,4,H,-0.000020,-0.000022,0.000021
110,5,O,0.000002,-0.000063,-0.000001
110,6,H,0.000035,0.000034,-0.000001
110,7,H,-0.000042,0.000032,0.000001
110,8,O,-0.000063,-0.000003,0.000000
110,9,C,-0.000007,-0.000000,0.000002
110,10,O,0.000076,-0.000000,-0.000002
110,11,N,0.000131,0.000121,0.000179
110,12,H,-0.043355,-0.002392,-0.044148
110,13,H,-0.000055,0.000093,-0.000046
110,14,H,-0.000119,-0.000215,-0.000116
110,15,H,0.043338,0.002397,0.044131
110,16,C,-0.000008,-0.000005,-0.000000
110,17,C,0.000031,0.000004,0.000002
110,18,H,-0.001193,-0.000057,-0.000141
110,19,H,0.001218,0.000055,0.000140
110,20,Cl,0.000013,0.000000,-0.000001
115,0,C,0.000003,0.000010,-0.000012
115,1,H,0.000014,0.000013,0.000013
115,2,H,0.000012,-0.000011,-0.000012
115,3,H,-0.000009,0.000010,-0.000010
115,4,H,-0.000020,-0.000023,0.000021
115,5,O,0.000003,-0.000061,-0.000001
115,6,H,0.000033,0.000033,-0.000001
115,7,H,-0.000041,0.000031,0.000001
115,8,O,-0.000063,-0.000003,0.000000
115,9,C,-0.000007,-0.000000,0.000002
115,10,O,0.000075,-0.000000,-0.000002
115,11,N,0.000138,0.000130,0.000185
115,12,H,-0.044389,-0.002559,-0.045434
115,13,H,-0.000056,0.000093,-0.000047
115,14,H,-0.000124,-0.000225,-0.000122
115,15,H,0.044370,0.002564,0.045417
115,16,C,-0.000007,-0.000005,-0.000000
115,17,C,0.000031,0.000004,0.000002
115,18,H,-0.001168,-0.000059,-0.000144
115,19,H,0.001192,0.000057,0.000144
115,20,Cl,0.000013,0.000000,-0.000001
120,0,C,0.000003,0.000011,-0.000012
120,1,H,0.000014,0.000013,0.000013
120,2,H,0.000011,-0.000011,-0.000012
120,3,H,-0.000008,0.000010,-0.000010
120,4,H,-0.000020,-0.000023,0.000022
120,5,O,0.000003,-0.000058,-0.000001
120,6,H,0.000031,0.000032,-0.000001
120,7,H,-0.000039,0.000030,0.000001
120,8,O,-0.000063,-0.000003,0.000000
120,9,C,-0.000006,-0.000000,0.000003
120,10,O,0.000075,0.000000,-0.000002
120,11,N,0.000145,0.000140,0.000191
120,12,H,-0.045372,-0.002729,-0.046681
120,13,H,-0.000056,0.000094,-0.000047
120,14,H,-0.000129,-0.000236,-0.000128
120,15,H,0.045350,0.002733,0.046665
120,16,C,-0.000006,-0.000005,0.000000
120,17,C,0.000031,0.000004,0.000002
120,18,H,-0.001141,-0.000060,-0.000147
120,19,H,0.001165,0.000058,0.000147
120,20,Cl,0.000013,0.000000,-0.000001
125,0,C,0.000003,0.000011,-0.000013
125,1,H,0.000014,0.000013,0.000013
125,2,H,0.000011,-0.000011,-0.000012
125,3,H,-0.000008,0.000010,-0.000010
125,4,H,-0.000020,-0.000023,0.000022
125,5,O,0.000003,-0.000056,-0.000001
125,6,H,0.000030,0.000031,-0.000001
125,7,H,-0.000038,0.000029,0.000001
125,8,O,-0.000063,-0.000003,0.000000
125,9,C,-0.000006,-0.000000,0.000003
125,10,O,0.000075,0.000000,-0.000002
125,11,N,0.000152,0.000150,0.000198
125,12,H,-0.046300,-0.002900,-0.047887
125,13,H,-0.000057,0.000095,-0.000048
125,14,H,-0.000135,-0.000247,-0.000135
125,15,H,0.046276,0.002905,0.047871
125,16,C,-0.000005,-0.000005,0.000000
125,17,C,0.000031,0.000004,0.000002
125,18,H,-0.001112,-0.000061,-0.000150
125,19,H,0.001137,0.000059,0.000149
125,20,Cl,0.000014,0.000000,-0.000001
130,0,C,0.000004,0.000012,-0.000013
130,1,H,0.000013,0.000012,0.000012
130,2,H,0.000011,-0.000010,-0.000011
130,3,H,-0.000008,0.000009,-0.000009
130,4,H,-0.000020,-0.000023,0.000022
130,5,O,0.000003,-0.000054,-0.000000
130,6,H,0.000028,0.000030,-0.000001
130,7,H,-0.000037,0.000028,0.000001
130,8,O,-0.000063,-0.000003,0.000000
130,9,C,-0.000005,-0.000000,0.000003
130,10,O,0.000074,0.000000,-0.000003
130,11,N,0.000159,0.000161,0.000204
130,12,H,-0.047171,-0.003074,-0.049045
130,13,H,-0.000057,0.000095,-0.000048
130,14,H,-0.000140,-0.000258,-0.000142
130,15,H,0.047144,0.003080,0.049030
130,16,C,-0.000004,-0.000005,0.000000
130,17,C,0.000031,0.000004,0.000002
130,18,H,-0.001083,-0.000062,-0.000152
130,19,H,0.001107,0.000060,0.000151
130,20,Cl,0.000014,0.000000,-0.000001
135,0,C,0.000004,0.000012,-0.000014
135,1,H,0.000013,0.000012,0.000012
135,2,H,0.000011,-0.000010,-0.000011
135,3,H,-0.000007,0.000009,-0.000009
135,4,H,-0.000020,-0.000023,0.000022
135,5,O,0.000003,-0.000052,-0.000000
135,6,H,0.000027,0.000029,-0.000001
135,7,H,-0.000035,0.000027,0.000001
135,8,O,-0.000063,-0.000003,0.000000
135,9,C,-0.000005,-0.000000,0.000003
135,10,O,0.000074,0.000000,-0.000003
135,11,N,0.000166,0.000172,0.000212
135,12,H,-0.047981,-0.003250,-0.050153
135,13,H,-0.000057,0.000095,-0.000048
135,14,H,-0.000146,-0.000269,-0.000149
135,15,H,0.047953,0.003256,0.050138
135,16,C,-0.000002,-0.000006,0.000000
135,17,C,0.000031,0.000004,0.000002
135,18,H,-0.001053,-0.000063,-0.000154
135,19,H,0.001077,0.000061,0.000153
135,20,Cl,0.000014,0.000000,-0.000001
140,0,C,0.000004,0.000013,-0.000014
140,1,H,0.000013,0.000012,0.000012
140,2,H,0.000010,-0.000010,-0.000011
140,3,H,-0.000007,0.000009,-0.000009
140,4,H,-0.000020,-0.000023,0.000022
140,5,O,0.000003,-0.000050,-0.000000
140,6,H,0.000025,0.000028,-0.000001
140,7,H,-0.000034,0.000026,0.000001
140,8,O,-0.000063,-0.000003,0.000000
140,9,C,-0.000005,-0.000000,0.000003
140,10,O,0.000073,0.000000,-0.000003
140,11,N,0.000173,0.000184,0.000219
140,12,H,-0.048725,-0.003427,-0.051201
140,13,H,-0.000058,0.000096,-0.000049
140,14,H,-0.000151,-0.000281,-0.000157
140,15,H,0.048694,0.003432,0.051187
140,16,C,-0.000001,-0.000006,0.000000
140,17,C,0.000031,0.000004,0.000002
140,18,H,-0.001023,-0.000064,-0.000155
140,19,H,0.001046,0.000062,0.000154
140,20,Cl,0.000014,0.000000,-0.000001
145,0,C,0.000004,0.000013,-0.000014
145,1,H,0.000012,0.000011,0.000011
145,2,H,0.000010,-0.000009,-0.000011
145,3,H,-0.000007,0.000008,-0.000008
145,4,H,-0.000020,-0.000023,0.000022
145,5,O,0.000003,-0.000048,-0.000000
145,6,H,0.000024,0.000027,-0.000001
145,7,H,-0.000033,0.000025,0.000001
145,8,O,-0.000063,-0.000003,0.000000
145,9,C,-0.000004,-0.000000,0.000003
145,10,O,0.000073,0.000000,-0.000003
145,11,N,0.000180,0.000196,0.000227
145,12,H,-0.049397,-0.003603,-0.052185
145,13,H,-0.000058,0.000096,-0.000049
145,14,H,-0.000157,-0.000293,-0.000165
145,15,H,0.049363,0.003609,0.052171
145,16,C,-0.000000,-0.000006,0.000000
145,17,C,0.000031,0.000004,0.000002
145,18,H,-0.000991,-0.000065,-0.000156
145,19,H,0.001014,0.000062,0.000155
145,20,Cl,0.000014,0.000000,-0.000001
150,0,C,0.000005,0.000014,-0.000015
150,1,H,0.000012,0.000011,0.000011
150,2,H,0.000010,-0.000009,-0.000010
150,3,H,-0.000006,0.000008,-0.000008
150,4,H,-0.000020,-0.000024,0.000022
150,5,O,0.000003,-0.000046,-0.000000
150,6,H,0.000023,0.000026,-0.000001
150,7,H,-0.000032,0.000024,0.000001
150,8,O,-0.000063,-0.000003,0.000000
150,9,C,-0.000004,-0.000000,0.000003
150,10,O,0.000073,0.000000,-0.000003
150,11,N,0.000188,0.000208,0.000235
150,12,H,-0.049989,-0.003779,-0.053094
150,13,H,-0.000058,0.000097,-0.000049
150,14,H,-0.000163,-0.000306,-0.000173
150,15,H,0.049953,0.003785,0.053081
150,16,C,0.000001,-0.000006,0.000000
150,17,C,0.000031,0.000004,0.000002
150,18,H,-0.000959,-0.000065,-0.000156
150,19,H,0.000982,0.000062,0.000155
150,20,Cl,0.000015,0.000000,-0.000001
155,0,C,0.000005,0.000014,-0.000015
155,1,H,0.000012,0.000011,0.000011
155,2,H,0.000010,-0.000009,-0.000010
155,3,H,-0.000006,0.000008,-0.000008
155,4,H,-0.000020,-0.000024,0.000022
155,5,O,0.000004,-0.000044,-0.000000
155,6,H,0.000021,0.000025,-0.000001
155,7,H,-0.000031,0.000023,0.000001
155,8,O,-0.000063,-0.000003,0.000000
155,9,C,-0.000004,-0.000001,0.000003
155,10,O,0.000072,0.000000,-0.000003
155,11,N,0.000195,0.000221,0.000243
155,12,H,-0.050503,-0.003952,-0.053930
155,13,H,-0.000059,0.000097,-0.000050
155,14,H,-0.000169,-0.000319,-0.000181
155,15,H,0.050465,0.003958,0.053917
155,16,C,0.000002,-0.000006,0.000000
155,17,C,0.000030,0.000004,0.000003
155,18,H,-0.000927,-0.000065,-0.000156
155,19,H,0.000949,0.000063,0.000155
155,20,Cl,0.000015,0.000000,-0.000001
160,0,C,0.000005,0.000014,-0.000015
160,1,H,0.000012,0.000011,0.000010
160,2,H,0.000009,-0.000009,-0.000010
160,3,H,-0.000006,0.000007,-0.000007
160,4,H,-0.000020,-0.000024,0.000022
160,5,O,0.000004,-0.000043,-0.000000
160,6,H,0.000020,0.000024,-0.000001
160,7,H,-0.000030,0.000022,0.000001
160,8,O,-0.000062,-0.000003,0.000000
160,9,C,-0.000003,-0.000001,0.000003
160,10,O,0.000072,0.000000,-0.000003
160,11,N,0.000202,0.000234,0.000252
160,12,H,-0.050944,-0.004124,-0.054696
160,13,H,-0.000059,0.000097,-0.000050
160,14,H,-0.000175,-0.000332,-0.000190
160,15,H,0.050905,0.004130,0.054684
160,16,C,0.000004,-0.000007,0.000000
160,17,C,0.000030,0.000004,0.000003
160,18,H,-0.000894,-0.000065,-0.000156
160,19,H,0.000916,0.000063,0.000155
160,20,Cl,0.000015,0.000000,-0.000001
165,0,C,0.000005,0.000015,-0.000016
165,1,H,0.000011,0.000010,0.000010
165,2,H,0.000009,-0.000008,-0.000010
165,3,H,-0.000006,0.000007,-0.000007
165,4,H,-0.000020,-0.000024,0.000022
165,5,O,0.000004,-0.000041,-0.000000
165,6,H,0.000019,0.000023,-0.000001
165,7,H,-0.000028,0.000021,0.000001
165,8,O,-0.000062,-0.000003,0.000000
165,9,C,-0.000003,-0.000001,0.000003
165,10,O,0.000071,0.000000,-0.000003
165,11,N,0.000210,0.000247,0.000261
165,12,H,-0.051306,-0.004293,-0.055384
165,13,H,-0.000059,0.000097,-0.000050
165,14,H,-0.000181,-0.000346,-0.000199
165,15,H,0.051264,0.004300,0.055372
165,16,C,0.000005,-0.000007,0.000000
165,17,C,0.000030,0.000005,0.000003
165,18,H,-0.000861,-0.000065,-0.000155
165,19,H,0.000883,0.000062,0.000154
165,20,Cl,0.000015,0.000000,-0.000001
170,0,C,0.000005,0.000015,-0.000016
170,1,H,0.000011,0.000010,0.000010
170,2,H,0.000009,-0.000008,-0.000009
170,3,H,-0.000005,0.000007,-0.000007
170,4,H,-0.000020,-0.000024,0.000022
170,5,O,0.000004,-0.000039,-0.000000
170,6,H,0.000018,0.000023,-0.000001
170,7,H,-0.000027,0.000021,0.000001
170,8,O,-0.000062,-0.000003,0.000000
170,9,C,-0.000003,-0.000001,0.000003
170,10,O,0.000071,0.000000,-0.000003
170,11,N,0.000217,0.000261,0.000270
170,12,H,-0.051584,-0.004459,-0.055989
170,13,H,-0.000059,0.000098,-0.000051
170,14,H,-0.000188,-0.000360,-0.000208
170,15,H,0.051540,0.004465,0.055977
170,16,C,0.000006,-0.000007,0.000000
170,17,C,0.000030,0.000005,0.000003
170,18,H,-0.000828,-0.000065,-0.000154
170,19,H,0.000850,0.000062,0.000153
170,20,Cl,0.000016,0.000000,-0.000001
175,0,C,0.000006,0.000016,-0.000016
175,1,H,0.000011,0.000010,0.000009
175,2,H,0.000009,-0.000008,-0.000009
175,3,H,-0.000005,0.000007,-0.000006
175,4,H,-0.000020,-0.000024,0.000022
175,5,O,0.000004,-0.000038,-0.000000
175,6,H,0.000017,0.000022,-0.000001
175,7,H,-0.000026,0.000020,0.000001
175,8,O,-0.000062,-0.000003,0.000000
175,9,C,-0.000002,-0.000001,0.000003
175,10,O,0.000071,0.000000,-0.000003
175,11,N,0.000225,0.000276,0.000280
175,12,H,-0.051781,-0.004620,-0.056510
175,13,H,-0.000059,0.000098,-0.000051
175,14,H,-0.000194,-0.000375,-0.000218
175,15,H,0.051735,0.004627,0.056498
175,16,C,0.000008,-0.000007,0.000000
175,17,C,0.000030,0.000005,0.000003
175,18,H,-0.000795,-0.000064,-0.000152
175,19,H,0.000817,0.000061,0.000152
175,20,Cl,0.000016,0.000000,-0.000001
180,0,C,0.000006,0.000016,-0.000017
180,1,H,0.000010,0.000009,0.000009
180,2,H,0.000008,-0.000008,-0.000009
180,3,H,-0.000005,0.000006,-0.000006
180,4,H,-0.000020,-0.000024,0.000022
180,5,O,0.000004,-0.000036,-0.000000
180,6,H,0.000016,0.000021,-0.000001
180,7,H,-0.000025,0.000019,0.000001
180,8,O,-0.000062,-0.000003,0.000000
180,9,C,-0.000002,-0.000001,0.000003
180,10,O,0.000070,0.000000,-0.000003
180,11,N,0.000233,0.000291,0.000290
180,12,H,-0.051885,-0.004775,-0.056933
180,13,H,-0.000060,0.000098,-0.000051
180,14,H,-0.000201,-0.000390,-0.000228
180,15,H,0.051837,0.004782,0.056922
180,16,C,0.000009,-0.000008,0.000000
180,17,C,0.000030,0.000005,0.000003
180,18,H,-0.000763,-0.000064,-0.000151
180,19,H,0.000784,0.000061,0.000150
180,20,Cl,0.000016,0.000000,-0.000001
185,0,C,0.000006,0.000016,-0.000017
185,1,H,0.000010,0.000009,0.000009
185,2,H,0.000008,-0.000007,-0.000009
185,3,H,-0.000005,0.000006,-0.000006
185,4,H,-0.000020,-0.000024,0.000022
185,5,O,0.000004,-0.000035,-0.000000
185,6,H,0.000015,0.000020,-0.000001
185,7,H,-0.000024,0.000018,0.000001
185,8,O,-0.000062,-0.000003,0.000000
185,9,C,-0.000002,-0.000001,0.000003
185,10,O,0.000070,0.000000,-0.000003
185,11,N,0.000240,0.000306,0.000300
185,12,H,-0.051901,-0.004925,-0.057262
185,13,H,-0.000060,0.000098,-0.000051
185,14,H,-0.000208,-0.000405,-0.000239
185,15,H,0.051851,0.004932,0.057251
185,16,C,0.000011,-0.000008,0.000000
185,17,C,0.000030,0.000005,0.000003
185,18,H,-0.000730,-0.000063,-0.000148
185,19,H,0.000751,0.000060,0.000148
185,20,Cl,0.000016,0.000000,-0.000001
190,0,C,0.000006,0.000017,-0.000017
190,1,H,0.000010,0.000009,0.000009
190,2,H,0.000008,-0.000007,-0.000008
190,3,H,-0.000004,0.000006,-0.000006
190,4,H,-0.000020,-0.000024,0.000022
190,5,O,0.000004,-0.000033,-0.000000
190,6,H,0.000014,0.000020,-0.000001
190,7,H,-0.000024,0.000018,0.000001
190,8,O,-0.000062,-0.000003,0.000000
190,9,C,-0.000001,-0.000001,0.000003
190,10,O,0.000069,0.000000,-0.000003
190,11,N,0.000248,0.000322,0.000311
190,12,H,-0.051834,-0.005067,-0.057500
190,13,H,-0.000060,0.000098,-0.000052
190,14,H,-0.000215,-0.000421,-0.000250
190,15,H,0.051782,0.005075,0.057489
190,16,C,0.000012,-0.000008,0.000000
190,17,C,0.000029,0.000005,0.000003
190,18,H,-0.000698,-0.000062,-0.000146
190,19,H,0.000719,0.000059,0.000145
190,20,Cl,0.000017,0.000000,-0.000001
195,0,C,0.000007,0.000017,-0.000017
195,1,H,0.000010,0.000009,0.000008
195,2,H,0.000008,-0.000007,-0.000008
195,3,H,-0.000004,0.000006,-0.000005
195,4,H,-0.000020,-0.000024,0.000022
195,5,O,0.000004,-0.000032,-0.000000
195,6,H,0.000013,0.000019,-0.000001
195,7,H,-0.000023,0.000017,0.000001
195,8,O,-0.000062,-0.000003,0.000000
195,9,C,-0.000001,-0.000001,0.000003
195,10,O,0.000069,0.000000,-0.000003
195,11,N,0.000256,0.000338,0.000322
195,12,H,-0.051677,-0.005201,-0.057639
195,13,H,-0.000060,0.000098,-0.000052
195,14,H,-0.000221,-0.000437,-0.000261
195,15,H,0.051623,0.005209,0.057628
195,16,C,0.000014,-0.000009,0.000000
195,17,C,0.000029,0.000005,0.000003
195,18,H,-0.000667,-0.000061,-0.000143
195,19,H,0.000687,0.000058,0.000143
195,20,Cl,0.000017,0.000000,-0.000001
200,0,C,0.000007,0.000017,-0.000017
200,1,H,0.000009,0.000008,0.000008
200,2,H,0.000008,-0.000007,-0.000008
200,3,H,-0.000004,0.000005,-0.000005
200,4,H,-0.000020,-0.000024,0.000022
200,5,O,0.000004,-0.000031,-0.000000
200,6,H,0.000012,0.000019,-0.000001
200,7,H,-0.000022,0.000016,0.000001
200,8,O,-0.000062,-0.000003,0.000000
200,9,C,-0.000001,-0.000001,0.000003
200,10,O,0.000069,0.000000,-0.000003
200,11,N,0.000264,0.000355,0.000333
200,12,H,-0.051439,-0.005327,-0.057687
200,13,H,-0.000060,0.000098,-0.000052
200,14,H,-0.000228,-0.000454,-0.000272
200,15,H,0.051383,0.005335,0.057677
200,16,C,0.000015,-0.000009,0.000000
200,17,C,0.000029,0.000005,0.000003
200,18,H,-0.000635,-0.000060,-0.000141
200,19,H,0.000655,0.000057,0.000140
200,20,Cl,0.000017,0.000000,-0.000002
205,0,C,0.000007,0.000017,-0.000018
205,1,H,0.000009,0.000008,0.000008
205,2,H,0.000007,-0.000007,-0.000008
205,3,H,-0.000004,0.000005,-0.000005
205,4,H,-0.000020,-0.000024,0.000022
205,5,O,0.000004,-0.000029,-0.000000
205,6,H,0.000011,0.000018,-0.000001
205,7,H,-0.000021,0.000016,0.000001
205,8,O,-0.000061,-0.000003,0.000000
205,9,C,-0.000000,-0.000001,0.000003
205,10,O,0.000068,0.000000,-0.000003
205,11,N,0.000272,0.000372,0.000345
205,12,H,-0.051117,-0.005442,-0.057640
205,13,H,-0.000060,0.000098,-0.000052
205,14,H,-0.000236,-0.000471,-0.000284
205,15,H,0.051058,0.005451,0.057630
205,16,C,0.000017,-0.000009,0.000000
205,17,C,0.000029,0.000005,0.000003
205,18,H,-0.000605,-0.000059,-0.000138
205,19,H,0.000624,0.000056,0.000137
205,20,Cl,0.000017,0.000000,-0.000002
210,0,C,0.000007,0.000018,-0.000018
210,1,H,0.000009,0.000008,0.000008
210,2,H,0.000007,-0.000006,-0.000008
210,3,H,-0.000004,0.000005,-0.000005
210,4,H,-0.000020,-0.000024,0.000022
210,5,O,0.000004,-0.000028,-0.000000
210,6,H,0.000010,0.000017,-0.000001
210,7,H,-0.000020,0.000015,0.000001
210,8,O,-0.000061,-0.000003,0.000000
210,9,C,0.000000,-0.000001,0.000003
210,10,O,0.000068,0.000000,-0.000003
210,11,N,0.000279,0.000389,0.000357
210,12,H,-0.050711,-0.005548,-0.057495
210,13,H,-0.000060,0.000097,-0.000052
210,14,H,-0.000243,-0.000488,-0.000296
210,15,H,0.050650,0.005557,0.057486
210,16,C,0.000018,-0.000009,0.000000
210,17,C,0.000029,0.000006,0.000003
210,18,H,-0.000575,-0.000058,-0.000134
210,19,H,0.000594,0.000054,0.000134
210,20,Cl,0.000018,0.000000,-0.000002
215,0,C,0.000007,0.000018,-0.000018
215,1,H,0.000009,0.000008,0.000007
215,2,H,0.000007,-0.000006,-0.000007
215,3,H,-0.000003,0.000005,-0.000005
215,4,H,-0.000019,-0.000024,0.000022
215,5,O,0.000003,-0.000027,-0.000000
215,6,H,0.000009,0.000017,-0.000001
215,7,H,-0.000019,0.000014,0.000001
215,8,O,-0.000061,-0.000004,0.000000
215,9,C,0.000001,-0.000001,0.000003
215,10,O,0.000067,0.000000,-0.000003
215,11,N,0.000287,0.000407,0.000369
215,12,H,-0.050226,-0.005644,-0.057257
215,13,H,-0.000060,0.000097,-0.000052
215,14,H,-0.000250,-0.000505,-0.000309
215,15,H,0.050163,0.005653,0.057248
215,16,C,0.000020,-0.000010,0.000000
215,17,C,0.000028,0.000006,0.000003
215,18,H,-0.000545,-0.000056,-0.000131
215,19,H,0.000565,0.000053,0.000130
215,20,Cl,0.000018,0.000000,-0.000002
220,0,C,0.000007,0.000018,-0.000018
220,1,H,0.000008,0.000007,0.000007
220,2,H,0.000007,-0.000006,-0.000007
220,3,H,-0.000003,0.000004,-0.000004
220,4,H,-0.000019,-0.000024,0.000022
220,5,O,0.000003,-0.000026,-0.000000
220,6,H,0.000008,0.000016,-0.000001
220,7,H,-0.000019,0.000014,0.000001
220,8,O,-0.000061,-0.000004,0.000000
220,9,C,0.000001,-0.000001,0.000003
220,10,O,0.000067,0.000000,-0.000003
220,11,N,0.000295,0.000425,0.000382
220,12,H,-0.049666,-0.005729,-0.056927
220,13,H,-0.000060,0.000097,-0.000052
220,14,H,-0.000257,-0.000523,-0.000322
220,15,H,0.049600,0.005738,0.056918
220,16,C,0.000022,-0.000010,0.000000
220,17,C,0.000028,0.000006,0.000003
220,18,H,-0.000517,-0.000055,-0.000127
220,19,H,0.000536,0.000051,0.000127
220,20,Cl,0.000018,0.000000,-0.000002
225,0,C,0.000007,0.000018,-0.000018
225,1,H,0.000008,0.000007,0.000007
225,2,H,0.000007,-0.000006,-0.000007
225,3,H,-0.000003,0.000004,-0.000004
225,4,H,-0.000019,-0.000024,0.000022
225,5,O,0.000003,-0.000025,-0.000000
225,6,H,0.000008,0.000016,-0.000001
225,7,H,-0.000018,0.000013,0.000001
225,8,O,-0.000061,-0.000004,0.000000
225,9,C,0.000001,-0.000001,0.000003
225,10,O,0.000066,0.000000,-0.000003
225,11,N,0.000303,0.000443,0.000395
225,12,H,-0.049033,-0.005802,-0.056508
225,13,H,-0.000060,0.000097,-0.000052
225,14,H,-0.000264,-0.000541,-0.000335
225,15,H,0.048965,0.005812,0.056499
225,16,C,0.000024,-0.000010,0.000000
225,17,C,0.000028,0.000006,0.000003
225,18,H,-0.000489,-0.000054,-0.000124
225,19,H,0.000507,0.000050,0.000123
225,20,Cl,0.000019,0.000000,-0.000002
230,0,C,0.000008,0.000018,-0.000018
230,1,H,0.000008,0.000007,0.000007
230,2,H,0.000006,-0.000006,-0.000007
230,3,H,-0.000003,0.000004,-0.000004
230,4,H,-0.000019,-0.000024,0.000022
230,5,O,0.000003,-0.000024,-0.000000
230,6,H,0.000007,0.000015,-0.000001
230,7,H,-0.000017,0.000013,0.000001
230,8,O,-0.000061,-0.000004,0.000000
230,9,C,0.000002,-0.000001,0.000003
230,10,O,0.000066,0.000000,-0.000003
230,11,N,0.000311,0.000462,0.000408
230,12,H,-0.048330,-0.005864,-0.056001
230,13,H,-0.000060,0.000096,-0.000052
230,14,H,-0.000272,-0.000560,-0.000349
230,15,H,0.048259,0.005873,0.055993
230,16,C,0.000025,-0.000011,0.000000
230,17,C,0.000028,0.000006,0.000003
230,18,H,-0.000462,-0.000052,-0.000120
230,19,H,0.000480,0.000048,0.000119
230,20,Cl,0.000019,0.000000,-0.000002
235,0,C,0.000008,0.000019,-0.000018
235,1,H,0.000008,0.000007,0.000007
235,2,H,0.000006,-0.000005,-0.000007
235,3,H,-0.000003,0.000004,-0.000004
235,4,H,-0.000019,-0.000024,0.000022
235,5,O,0.000003,-0.000023,-0.000000
235,6,H,0.000006,0.000015,-0.000001
235,7,H,-0.000016,0.000012,0.000001
235,8,O,-0.000061,-0.000004,0.000000
235,9,C,0.000002,-0.000001,0.000004
235,10,O,0.000066,0.000000,-0.000003
235,11,N,0.000318,0.000481,0.000422
235,12,H,-0.047565,-0.005914,-0.055415
235,13,H,-0.000060,0.000096,-0.000052
235,14,H,-0.000279,-0.000578,-0.000362
235,15,H,0.047492,0.005924,0.055407
235,16,C,0.000027,-0.000011,0.000000
235,17,C,0.000027,0.000006,0.000003
235,18,H,-0.000435,-0.000051,-0.000116
235,19,H,0.000454,0.000047,0.000116
235,20,Cl,0.000019,0.000000,-0.000002
240,0,C,0.000008,0.000019,-0.000018
240,1,H,0.000007,0.000007,0.000006
240,2,H,0.000006,-0.000005,-0.000006
240,3,H,-0.000003,0.000004,-0.000004
240,4,H,-0.000019,-0.000024,0.000022
240,5,O,0.000003,-0.000022,-0.000000
240,6,H,0.000006,0.000015,-0.000001
240,7,H,-0.000016,0.000012,0.000001
240,8,O,-0.000061,-0.000004,0.000000
240,9,C,0.000002,-0.000001,0.000004
240,10,O,0.000065,0.000000,-0.000003
240,11,N,0.000326,0.000501,0.000436
240,12,H,-0.046728,-0.005951,-0.054737
240,13,H,-0.000059,0.000096,-0.000052
240,14,H,-0.000286,-0.000597,-0.000377
240,15,H,0.046653,0.005962,0.054729
240,16,C,0.000029,-0.000012,0.000000
240,17,C,0.000027,0.000006,0.000003
240,18,H,-0.000410,-0.000049,-0.000112
240,19,H,0.000428,0.000045,0.000112
240,20,Cl,0.000020,0.000000,-0.000002
245,0,C,0.000008,0.000019,-0.000018
245,1,H,0.000007,0.000006,0.000006
245,2,H,0.000006,-0.000005,-0.000006
245,3,H,-0.000002,0.000004,-0.000004
245,4,H,-0.000019,-0.000024,0.000022
245,5,O,0.000003,-0.000021,-0.000000
245,6,H,0.000005,0.000014,-0.000001
245,7,H,-0.000015,0.000011,0.000001
245,8,O,-0.000061,-0.000004,0.000000
245,9,C,0.000003,-0.000001,0.000004
245,10,O,0.000065,0.000000,-0.000003
245,11,N,0.000334,0.000520,0.000450
245,12,H,-0.045828,-0.005976,-0.053975
245,13,H,-0.000059,0.000095,-0.000052
245,14,H,-0.000293,-0.000617,-0.000391
245,15,H,0.045751,0.005987,0.053968
245,16,C,0.000031,-0.000012,0.000000
245,17,C,0.000027,0.000006,0.000003
245,18,H,-0.000385,-0.000048,-0.000108
245,19,H,0.000403,0.000044,0.000108
245,20,Cl,0.000020,0.000000,-0.000002
250,0,C,0.000008,0.000019,-0.000018
250,1,H,0.000007,0.000006,0.000006
250,2,H,0.000006,-0.000005,-0.000006
250,3,H,-0.000002,0.000003,-0.000003
250,4,H,-0.000018,-0.000024,0.000022
250,5,O,0.000003,-0.000020,-0.000000
250,6,H,0.000004,0.000014,-0.000001
250,7,H,-0.000014,0.000011,0.000001
250,8,O,-0.000060,-0.000004,0.000000
250,9,C,0.000003,-0.000001,0.000004
250,10,O,0.000064,0.000000,-0.000003
250,11,N,0.000341,0.000540,0.000465
250,12,H,-0.044871,-0.005987,-0.053136
250,13,H,-0.000059,0.000095,-0.000052
250,14,H,-0.000301,-0.000636,-0.000406
250,15,H,0.044792,0.005999,0.053129
250,16,C,0.000033,-0.000012,0.000000
250,17,C,0.000026,0.000006,0.000003
250,18,H,-0.000362,-0.000046,-0.000104
250,19,H,0.000379,0.000042,0.000104
250,20,Cl,0.000021,0.000000,-0.000002
