step,atom_id,type,fx_lj,fy_lj,fz_lj
0,0,C,0.000005,0.000003,-0.000008
0,1,H,0.000020,0.000020,0.000020
0,2,H,0.000017,-0.000017,-0.000017
0,3,H,-0.000018,0.000018,-0.000018
0,4,H,-0.000024,-0.000024,0.000023
0,5,O,-0.000023,-0.000129,0.000001
0,6,H,0.000090,0.000075,-0.000000
0,7,H,-0.000072,0.000056,-0.000001
0,8,O,-0.000068,-0.000002,0.000000
0,9,C,-0.000008,0.000000,0.000000
0,10,O,0.000081,-0.000001,-0.000001
0,11,N,-0.000020,-0.000018,0.000109
0,12,H,-0.023994,-0.000464,-0.021628
0,13,H,-0.000048,0.000083,-0.000038
0,14,H,-0.000037,-0.000065,-0.000030
0,15,H,0.024051,0.000464,0.021587
0,16,C,-0.000018,-0.000000,0.000001
0,17,C,0.000025,0.000001,-0.000001
0,18,H,-0.001097,-0.000004,-0.000020
0,19,H,0.001126,0.000004,0.000020
0,20,Cl,0.000013,-0.000000,-0.000000
5,0,C,0.000005,0.000002,-0.000008
5,1,H,0.000020,0.000021,0.000020
5,2,H,0.000017,-0.000017,-0.000017
5,3,H,-0.000018,0.000018,-0.000018
5,4,H,-0.000023,-0.000024,0.000023
5,5,O,-0.000025,-0.000130,0.000001
5,6,H,0.000092,0.000077,-0.000000
5,7,H,-0.000072,0.000055,-0.000001
5,8,O,-0.000068,-0.000002,0.000001
5,9,C,-0.000008,0.000000,0.000000
5,10,O,0.000081,-0.000001,-0.000001
5,11,N,-0.000022,-0.000014,0.000108
5,12,H,-0.023782,-0.000469,-0.021579
5,13,H,-0.000047,0.000080,-0.000036
5,14,H,-0.000038,-0.000065,-0.000030
5,15,H,0.023840,0.000469,0.021538
5,16,C,-0.000018,-0.000000,0.000001
5,17,C,0.000026,0.000001,-0.000001
5,18,H,-0.001045,-0.000006,-0.000021
5,19,H,0.001073,0.000006,0.000021
5,20,Cl,0.000013,-0.000000,-0.000000
10,0,C,0.000004,0.000001,-0.000009
10,1,H,0.000021,0.000021,0.000021
10,2,H,0.000016,-0.000016,-0.000016
10,3,H,-0.000018,0.000018,-0.000018
10,4,H,-0.000023,-0.000023,0.000023
10,5,O,-0.000027,-0.000132,0.000001
10,6,H,0.000095,0.000079,-0.000001
10,7,H,-0.000071,0.000055,-0.000001
10,8,O,-0.000068,-0.000002,0.000001
10,9,C,-0.000008,0.000000,0.000000
10,10,O,0.000081,-0.000001,-0.000001
10,11,N,-0.000023,-0.000011,0.000107
10,12,H,-0.023499,-0.000473,-0.021464
10,13,H,-0.000045,0.000077,-0.000035
10,14,H,-0.000038,-0.000065,-0.000030
10,15,H,0.023556,0.000472,0.021422
10,16,C,-0.000019,-0.000000,0.000001
10,17,C,0.000027,0.000001,-0.000001
10,18,H,-0.000993,-0.000008,-0.000021
10,19,H,0.001020,0.000007,0.000022
10,20,Cl,0.000013,-0.000000,-0.000000
15,0,C,0.000004,-0.000000,-0.000010
15,1,H,0.000022,0.000022,0.000021
15,2,H,0.000016,-0.000016,-0.000016
15,3,H,-0.000019,0.000018,-0.000018
15,4,H,-0.000023,-0.000023,0.000023
15,5,O,-0.000030,-0.000133,0.000002
15,6,H,0.000097,0.000080,-0.000001
15,7,H,-0.000071,0.000055,-0.000001
15,8,O,-0.000068,-0.000002,0.000001
15,9,C,-0.000008,0.000000,0.000000
15,10,O,0.000081,-0.000001,-0.000001
15,11,N,-0.000025,-0.000008,0.000106
15,12,H,-0.023149,-0.000475,-0.021285
15,13,H,-0.000043,0.000074,-0.000034
15,14,H,-0.000038,-0.000066,-0.000030
15,15,H,0.023207,0.000474,0.021243
15,16,C,-0.000019,-0.000000,0.000001
15,17,C,0.000027,0.000001,-0.000001
15,18,H,-0.000941,-0.000009,-0.000022
15,19,H,0.000968,0.000009,0.000022
15,20,Cl,0.000014,-0.000000,-0.000000
20,0,C,0.000003,-0.000001,-0.000010
20,1,H,0.000022,0.000023,0.000021
20,2,H,0.000016,-0.000016,-0.000016
20,3,H,-0.000019,0.000018,-0.000019
20,4,H,-0.000023,-0.000023,0.000023
20,5,O,-0.000032,-0.000134,0.000002
20,6,H,0.000099,0.000082,-0.000001
20,7,H,-0.000071,0.000054,-0.000001
20,8,O,-0.000068,-0.000002,0.000001
20,9,C,-0.000008,0.000001,0.000000
20,10,O,0.000080,-0.000001,-0.000001
20,11,N,-0.000026,-0.000004,0.000104
20,12,H,-0.022734,-0.000476,-0.021042
20,13,H,-0.000042,0.000072,-0.000032
20,14,H,-0.000039,-0.000066,-0.000031
20,15,H,0.022793,0.000474,0.021000
20,16,C,-0.000020,-0.000000,0.000001
20,17,C,0.000028,0.000001,-0.000001
20,18,H,-0.000891,-0.000010,-0.000022
20,19,H,0.000917,0.000010,0.000022
20,20,Cl,0.000014,-0.000000,-0.000000
25,0,C,0.000003,-0.000002,-0.000011
25,1,H,0.000023,0.000023,0.000022
25,2,H,0.000016,-0.000016,-0.000016
25,3,H,-0.000019,0.000018,-0.000019
25,4,H,-0.000023,-0.000023,0.000023
25,5,O,-0.000035,-0.000136,0.000002
25,6,H,0.000101,0.000084,-0.000002
25,7,H,-0.000071,0.000054,-0.000001
25,8,O,-0.000068,-0.000002,0.000001
25,9,C,-0.000007,0.000001,0.000000
25,10,O,0.000080,-0.000001,-0.000001
25,11,N,-0.000027,-0.000001,0.000103
25,12,H,-0.022259,-0.000475,-0.020740
25,13,H,-0.000040,0.000069,-0.000031
25,14,H,-0.000039,-0.000066,-0.000031
25,15,H,0.022318,0.000473,0.020698
25,16,C,-0.000020,-0.000000,0.000001
25,17,C,0.000028,0.000001,-0.000001
25,18,H,-0.000841,-0.000011,-0.000022
25,19,H,0.000867,0.000011,0.000022
25,20,Cl,0.000014,-0.000000,-0.000000
30,0,C,0.000003,-0.000003,-0.000012
30,1,H,0.000023,0.000024,0.000022
30,2,H,0.000016,-0.000015,-0.000015
30,3,H,-0.000019,0.000018,-0.000019
30,4,H,-0.000023,-0.000023,0.000023
30,5,O,-0.000037,-0.000137,0.000003
30,6,H,0.000103,0.000085,-0.000002
30,7,H,-0.000070,0.000054,-0.000001
30,8,O,-0.000068,-0.000002,0.000001
30,9,C,-0.000007,0.000001,0.000000
30,10,O,0.000080,-0.000001,-0.000001
30,11,N,-0.000029,0.000002,0.000102
30,12,H,-0.021731,-0.000472,-0.020382
30,13,H,-0.000038,0.000066,-0.000030
30,14,H,-0.000039,-0.000066,-0.000031
30,15,H,0.021789,0.000470,0.020339
30,16,C,-0.000021,-0.000000,0.000001
30,17,C,0.000029,0.000001,-0.000001
30,18,H,-0.000792,-0.000012,-0.000022
30,19,H,0.000817,0.000012,0.000022
30,20,Cl,0.000015,-0.000000,-0.000000
35,0,C,0.000002,-0.000004,-0.000012
35,1,H,0.000024,0.000024,0.000023
35,2,H,0.000015,-0.000015,-0.000015
35,3,H,-0.000019,0.000017,-0.000019
35,4,H,-0.000022,-0.000023,0.000023
35,5,O,-0.000040,-0.000138,0.000003
35,6,H,0.000105,0.000087,-0.000002
35,7,H,-0.000070,0.000053,-0.000001
35,8,O,-0.000068,-0.000002,0.000001
35,9,C,-0.000007,0.000001,0.000000
35,10,O,0.000079,-0.000001,-0.000001
35,11,N,-0.000030,0.000004,0.000101
35,12,H,-0.021151,-0.000467,-0.019970
35,13,H,-0.000037,0.000064,-0.000028
35,14,H,-0.000040,-0.000066,-0.000031
35,15,H,0.021209,0.000465,0.019927
35,16,C,-0.000021,-0.000000,0.000001
35,17,C,0.000030,0.000001,-0.000001
35,18,H,-0.000744,-0.000013,-0.000022
35,19,H,0.000769,0.000012,0.000022
35,20,Cl,0.000015,-0.000000,-0.000000
40,0,C,0.000002,-0.000005,-0.000013
40,1,H,0.000025,0.000025,0.000023
40,2,H,0.000015,-0.000015,-0.000015
40,3,H,-0.000019,0.000017,-0.000019
40,4,H,-0.000022,-0.000022,0.000023
40,5,O,-0.000042,-0.000139,0.000004
40,6,H,0.000107,0.000088,-0.000003
40,7,H,-0.000069,0.000053,-0.000001
40,8,O,-0.000068,-0.000002,0.000001
40,9,C,-0.000007,0.000001,0.000000
40,10,O,0.000079,-0.000001,-0.000001
40,11,N,-0.000032,0.000007,0.000100
40,12,H,-0.020524,-0.000462,-0.019507
40,13,H,-0.000035,0.000061,-0.000027
40,14,H,-0.000040,-0.000066,-0.000031
40,15,H,0.020583,0.000459,0.019464
40,16,C,-0.000022,-0.000000,0.000001
40,17,C,0.000030,0.000001,-0.000001
40,18,H,-0.000697,-0.000013,-0.000021
40,19,H,0.000722,0.000013,0.000022
40,20,Cl,0.000015,-0.000000,-0.000000
45,0,C,0.000001,-0.000006,-0.000014
45,1,H,0.000025,0.000025,0.000024
45,2,H,0.000015,-0.000015,-0.000014
45,3,H,-0.000019,0.000017,-0.000019
45,4,H,-0.000022,-0.000022,0.000023
45,5,O,-0.000045,-0.000140,0.000004
45,6,H,0.000109,0.000090,-0.000003
45,7,H,-0.000069,0.000052,-0.000001
45,8,O,-0.000068,-0.000002,0.000001
45,9,C,-0.000006,0.000001,0.000000
45,10,O,0.000079,-0.000001,-0.000001
45,11,N,-0.000033,0.000010,0.000099
45,12,H,-0.019856,-0.000454,-0.018998
45,13,H,-0.000034,0.000059,-0.000026
45,14,H,-0.000040,-0.000066,-0.000031
45,15,H,0.019915,0.000452,0.018955
45,16,C,-0.000022,-0.000000,0.000001
45,17,C,0.000031,0.000001,-0.000001
45,18,H,-0.000652,-0.000014,-0.000021
45,19,H,0.000676,0.000013,0.000021
45,20,Cl,0.000016,-0.000000,-0.000000
50,0,C,0.000001,-0.000007,-0.000014
50,1,H,0.000026,0.000026,0.000024
50,2,H,0.000015,-0.000014,-0.000014
50,3,H,-0.000019,0.000017,-0.000018
50,4,H,-0.000022,-0.000022,0.000022
50,5,O,-0.000047,-0.000141,0.000005
50,6,H,0.000111,0.000091,-0.000003
50,7,H,-0.000068,0.000052,-0.000001
50,8,O,-0.000068,-0.000002,0.000001
50,9,C,-0.000006,0.000001,0.000001
50,10,O,0.000079,-0.000001,-0.000001
50,11,N,-0.000035,0.000012,0.000098
50,12,H,-0.019155,-0.000446,-0.018450
50,13,H,-0.000033,0.000056,-0.000025
50,14,H,-0.000040,-0.000066,-0.000031
50,15,H,0.019214,0.000443,0.018406
50,16,C,-0.000022,-0.000000,0.000001
50,17,C,0.000031,0.000001,-0.000001
50,18,H,-0.000609,-0.000014,-0.000021
50,19,H,0.000632,0.000014,0.000021
50,20,Cl,0.000016,-0.000000,-0.000000
55,0,C,-0.000000,-0.000008,-0.000015
55,1,H,0.000026,0.000026,0.000024
55,2,H,0.000014,-0.000014,-0.000013
55,3,H,-0.000019,0.000017,-0.000018
55,4,H,-0.000021,-0.000021,0.000022
55,5,O,-0.000050,-0.000141,0.000005
55,6,H,0.000113,0.000093,-0.000004
55,7,H,-0.000067,0.000051,-0.000001
55,8,O,-0.000068,-0.000002,0.000001
55,9,C,-0.000006,0.000001,0.000001
55,10,O,0.000078,-0.000001,-0.000001
55,11,N,-0.000036,0.000015,0.000097
55,12,H,-0.018426,-0.000436,-0.017866
55,13,H,-0.000031,0.000054,-0.000024
55,14,H,-0.000040,-0.000066,-0.000030
55,15,H,0.018485,0.000433,0.017822
55,16,C,-0.000022,-0.000000,0.000001
55,17,C,0.000031,0.000001,-0.000001
55,18,H,-0.000567,-0.000014,-0.000020
55,19,H,0.000590,0.000014,0.000020
55,20,Cl,0.000017,-0.000000,-0.000000
60,0,C,-0.000001,-0.000009,-0.000015
60,1,H,0.000027,0.000027,0.000025
60,2,H,0.000014,-0.000014,-0.000013
60,3,H,-0.000020,0.000017,-0.000018
60,4,H,-0.000021,-0.000021,0.000022
60,5,O,-0.000052,-0.000142,0.000005
60,6,H,0.000115,0.000094,-0.000004
60,7,H,-0.000067,0.000050,-0.000001
60,8,O,-0.000068,-0.000002,0.000001
60,9,C,-0.000006,0.000001,0.000001
60,10,O,0.000078,-0.000001,-0.000001
60,11,N,-0.000038,0.000017,0.000096
60,12,H,-0.017676,-0.000426,-0.017253
60,13,H,-0.000030,0.000052,-0.000023
60,14,H,-0.000040,-0.000065,-0.000030
60,15,H,0.017734,0.000422,0.017209
60,16,C,-0.000023,-0.000000,0.000001
60,17,C,0.000032,0.000001,-0.000001
60,18,H,-0.000526,-0.000014,-0.000020
60,19,H,0.000550,0.000014,0.000020
60,20,Cl,0.000017,-0.000000,-0.000000
65,0,C,-0.000001,-0.000010,-0.000016
65,1,H,0.000028,0.000028,0.000025
65,2,H,0.000014,-0.000013,-0.000013
65,3,H,-0.000020,0.000017,-0.000018
65,4,H,-0.000021,-0.000021,0.000022
65,5,O,-0.000055,-0.000142,0.000006
65,6,H,0.000116,0.000095,-0.000005
65,7,H,-0.000066,0.000050,-0.000001
65,8,O,-0.000068,-0.000002,0.000001
65,9,C,-0.000005,0.000001,0.000001
65,10,O,0.000078,-0.000001,-0.000001
65,11,N,-0.000039,0.000019,0.000096
65,12,H,-0.016907,-0.000414,-0.016612
65,13,H,-0.000029,0.000049,-0.000022
65,14,H,-0.000040,-0.000065,-0.000030
65,15,H,0.016965,0.000410,0.016568
65,16,C,-0.000023,-0.000000,0.000001
65,17,C,0.000032,0.000001,-0.000001
65,18,H,-0.000488,-0.000014,-0.000019
65,19,H,0.000511,0.000014,0.000019
65,20,Cl,0.000018,-0.000000,-0.000000
70,0,C,-0.000002,-0.000011,-0.000016
70,1,H,0.000028,0.000028,0.000026
70,2,H,0.000014,-0.000013,-0.000012
70,3,H,-0.000020,0.000017,-0.000018
70,4,H,-0.000020,-0.000021,0.000021
70,5,O,-0.000057,-0.000143,0.000006
70,6,H,0.000118,0.000096,-0.000005
70,7,H,-0.000065,0.000049,-0.000001
70,8,O,-0.000068,-0.000002,0.000001
70,9,C,-0.000005,0.000001,0.000001
70,10,O,0.000077,-0.000001,-0.000001
70,11,N,-0.000041,0.000021,0.000095
70,12,H,-0.016125,-0.000401,-0.015951
70,13,H,-0.000027,0.000047,-0.000021
70,14,H,-0.000040,-0.000065,-0.000030
70,15,H,0.016184,0.000397,0.015906
70,16,C,-0.000023,-0.000000,0.000001
70,17,C,0.000032,0.000001,-0.000001
70,18,H,-0.000451,-0.000014,-0.000018
70,19,H,0.000473,0.000014,0.000018
70,20,Cl,0.000018,-0.000000,-0.000000
75,0,C,-0.000002,-0.000012,-0.000017
75,1,H,0.000029,0.000029,0.000026
75,2,H,0.000013,-0.000013,-0.000012
75,3,H,-0.000020,0.000016,-0.000018
75,4,H,-0.000020,-0.000020,0.000021
75,5,O,-0.000059,-0.000143,0.000007
75,6,H,0.000119,0.000097,-0.000006
75,7,H,-0.000064,0.000048,-0.000001
75,8,O,-0.000068,-0.000002,0.000001
75,9,C,-0.000005,0.000001,0.000001
75,10,O,0.000077,-0.000001,-0.000001
75,11,N,-0.000042,0.000023,0.000094
75,12,H,-0.015338,-0.000388,-0.015274
75,13,H,-0.000026,0.000045,-0.000020
75,14,H,-0.000040,-0.000064,-0.000030
75,15,H,0.015397,0.000384,0.015229
75,16,C,-0.000023,-0.000000,0.000001
75,17,C,0.000033,0.000001,-0.000001
75,18,H,-0.000416,-0.000014,-0.000018
75,19,H,0.000438,0.000013,0.000018
75,20,Cl,0.000019,-0.000000,-0.000000
80,0,C,-0.000003,-0.000013,-0.000018
80,1,H,0.000029,0.000029,0.000026
80,2,H,0.000013,-0.000012,-0.000012
80,3,H,-0.000019,0.000016,-0.000018
80,4,H,-0.000020,-0.000020,0.000021
80,5,O,-0.000061,-0.000143,0.000007
80,6,H,0.000120,0.000098,-0.000006
80,7,H,-0.000063,0.000047,-0.000001
80,8,O,-0.000068,-0.000002,0.000001
80,9,C,-0.000004,0.000001,0.000001
80,10,O,0.000077,-0.000001,-0.000001
80,11,N,-0.000044,0.000025,0.000093
80,12,H,-0.014550,-0.000374,-0.014586
80,13,H,-0.000025,0.000043,-0.000019
80,14,H,-0.000040,-0.000064,-0.000030
80,15,H,0.014608,0.000370,0.014541
80,16,C,-0.000023,-0.000000,0.000001
80,17,C,0.000033,0.000001,-0.000001
80,18,H,-0.000382,-0.000013,-0.000017
80,19,H,0.000404,0.000013,0.000017
80,20,Cl,0.000019,-0.000000,-0.000000
85,0,C,-0.000004,-0.000014,-0.000018
85,1,H,0.000030,0.000029,0.000027
85,2,H,0.000013,-0.000012,-0.000011
85,3,H,-0.000019,0.000016,-0.000018
85,4,H,-0.000019,-0.000020,0.000021
85,5,O,-0.000063,-0.000143,0.000008
85,6,H,0.000121,0.000099,-0.000006
85,7,H,-0.000062,0.000047,-0.000001
85,8,O,-0.000068,-0.000002,0.000001
85,9,C,-0.000004,0.000001,0.000001
85,10,O,0.000076,-0.000001,-0.000001
85,11,N,-0.000046,0.000027,0.000092
85,12,H,-0.013763,-0.000360,-0.013890
85,13,H,-0.000024,0.000041,-0.000018
85,14,H,-0.000040,-0.000064,-0.000029
85,15,H,0.013821,0.000355,0.013844
85,16,C,-0.000023,-0.000000,0.000001
85,17,C,0.000033,0.000001,-0.000001
85,18,H,-0.000351,-0.000013,-0.000016
85,19,H,0.000372,0.000013,0.000016
85,20,Cl,0.000020,-0.000000,-0.000000
90,0,C,-0.000004,-0.000015,-0.000019
90,1,H,0.000030,0.000030,0.000027
90,2,H,0.000012,-0.000012,-0.000011
90,3,H,-0.000019,0.000016,-0.000017
90,4,H,-0.000019,-0.000019,0.000020
90,5,O,-0.000065,-0.000143,0.000008
90,6,H,0.000123,0.000100,-0.000007
90,7,H,-0.000061,0.000046,-0.000002
90,8,O,-0.000068,-0.000002,0.000001
90,9,C,-0.000004,0.000001,0.000001
90,10,O,0.000076,-0.000001,-0.000001
90,11,N,-0.000047,0.000028,0.000092
90,12,H,-0.012983,-0.000345,-0.013191
90,13,H,-0.000023,0.000039,-0.000017
90,14,H,-0.000040,-0.000063,-0.000029
90,15,H,0.013041,0.000340,0.013145
90,16,C,-0.000023,-0.000000,0.000001
90,17,C,0.000033,0.000001,-0.000001
90,18,H,-0.000321,-0.000013,-0.000015
90,19,H,0.000342,0.000012,0.000016
90,20,Cl,0.000021,-0.000000,-0.000000
95,0,C,-0.000005,-0.000016,-0.000019
95,1,H,0.000031,0.000030,0.000027
95,2,H,0.000012,-0.000011,-0.000011
95,3,H,-0.000019,0.000016,-0.000017
95,4,H,-0.000019,-0.000019,0.000020
95,5,O,-0.000067,-0.000143,0.000009
95,6,H,0.000123,0.000101,-0.000007
95,7,H,-0.000060,0.000045,-0.000002
95,8,O,-0.000068,-0.000002,0.000001
95,9,C,-0.000003,0.000001,0.000001
95,10,O,0.000076,-0.000001,-0.000002
95,11,N,-0.000049,0.000030,0.000091
95,12,H,-0.012216,-0.000329,-0.012496
95,13,H,-0.000022,0.000037,-0.000016
95,14,H,-0.000040,-0.000062,-0.000029
95,15,H,0.012275,0.000324,0.012450
95,16,C,-0.000023,-0.000000,0.000001
95,17,C,0.000033,0.000001,-0.000001
95,18,H,-0.000293,-0.000012,-0.000015
95,19,H,0.000313,0.000012,0.000015
95,20,Cl,0.000021,-0.000000,-0.000000
100,0,C,-0.000006,-0.000016,-0.000020
100,1,H,0.000031,0.000031,0.000027
100,2,H,0.000012,-0.000011,-0.000010
100,3,H,-0.000019,0.000015,-0.000017
100,4,H,-0.000018,-0.000018,0.000020
100,5,O,-0.000069,-0.000143,0.000009
100,6,H,0.000124,0.000101,-0.000008
100,7,H,-0.000059,0.000044,-0.000002
100,8,O,-0.000068,-0.000002,0.000001
100,9,C,-0.000003,0.000001,0.000001
100,10,O,0.000075,-0.000001,-0.000002
100,11,N,-0.000050,0.000031,0.000090
100,12,H,-0.011465,-0.000314,-0.011808
100,13,H,-0.000021,0.000036,-0.000015
100,14,H,-0.000040,-0.000062,-0.000028
100,15,H,0.011524,0.000308,0.011761
100,16,C,-0.000023,-0.000000,0.000001
100,17,C,0.000033,0.000001,-0.000001
100,18,H,-0.000266,-0.000012,-0.000014
100,19,H,0.000286,0.000011,0.000014
100,20,Cl,0.000022,-0.000000,-0.000001
105,0,C,-0.000006,-0.000017,-0.000020
105,1,H,0.000032,0.000031,0.000028
105,2,H,0.000012,-0.000011,-0.000010
105,3,H,-0.000019,0.000015,-0.000017
105,4,H,-0.000018,-0.000018,0.000019
105,5,O,-0.000071,-0.000143,0.000010
105,6,H,0.000125,0.000102,-0.000008
105,7,H,-0.000058,0.000043,-0.000002
105,8,O,-0.000068,-0.000002,0.000001
105,9,C,-0.000003,0.000001,0.000001
105,10,O,0.000075,-0.000001,-0.000002
105,11,N,-0.000052,0.000032,0.000090
105,12,H,-0.010732,-0.000298,-0.011128
105,13,H,-0.000020,0.000034,-0.000015
105,14,H,-0.000039,-0.000061,-0.000028
105,15,H,0.010790,0.000292,0.011081
105,16,C,-0.000023,-0.000000,0.000001
105,17,C,0.000033,0.000001,-0.000001
105,18,H,-0.000241,-0.000011,-0.000013
105,19,H,0.000261,0.000011,0.000013
105,20,Cl,0.000023,-0.000000,-0.000001
110,0,C,-0.000007,-0.000018,-0.000020
110,1,H,0.000032,0.000031,0.000028
110,2,H,0.000011,-0.000011,-0.000010
110,3,H,-0.000019,0.000015,-0.000017
110,4,H,-0.000017,-0.000018,0.000019
110,5,O,-0.000073,-0.000142,0.000010
110,6,H,0.000126,0.000102,-0.000009
110,7,H,-0.000057,0.000042,-0.000002
110,8,O,-0.000068,-0.000002,0.000001
110,9,C,-0.000002,0.000001,0.000001
110,10,O,0.000074,-0.000001,-0.000002
110,11,N,-0.000054,0.000033,0.000089
110,12,H,-0.010018,-0.000283,-0.010461
110,13,H,-0.000019,0.000032,-0.000014
110,14,H,-0.000039,-0.000060,-0.000028
110,15,H,0.010077,0.000277,0.010413
110,16,C,-0.000023,-0.000000,0.000001
110,17,C,0.000033,0.000002,-0.000001
110,18,H,-0.000217,-0.000011,-0.000013
110,19,H,0.000237,0.000011,0.000013
110,20,Cl,0.000024,-0.000000,-0.000001
115,0,C,-0.000007,-0.000019,-0.000021
115,1,H,0.000032,0.000032,0.000028
115,2,H,0.000011,-0.000010,-0.000009
115,3,H,-0.000019,0.000015,-0.000016
115,4,H,-0.000017,-0.000017,0.000019
115,5,O,-0.000074,-0.000142,0.000011
115,6,H,0.000126,0.000103,-0.000009
115,7,H,-0.000056,0.000041,-0.000002
115,8,O,-0.000068,-0.000002,0.000001
115,9,C,-0.000002,0.000001,0.000001
115,10,O,0.000074,-0.000001,-0.000002
115,11,N,-0.000055,0.000034,0.000088
115,12,H,-0.009329,-0.000267,-0.009809
115,13,H,-0.000018,0.000031,-0.000013
115,14,H,-0.000039,-0.000060,-0.000027
115,15,H,0.009387,0.000261,0.009761
115,16,C,-0.000023,-0.000000,0.000001
115,17,C,0.000033,0.000002,-0.000001
115,18,H,-0.000195,-0.000010,-0.000012
115,19,H,0.000214,0.000010,0.000012
115,20,Cl,0.000025,-0.000000,-0.000001
120,0,C,-0.000008,-0.000020,-0.000021
120,1,H,0.000033,0.000032,0.000028
120,2,H,0.000011,-0.000010,-0.000009
120,3,H,-0.000019,0.000014,-0.000016
120,4,H,-0.000017,-0.000017,0.000018
120,5,O,-0.000076,-0.000141,0.000011
120,6,H,0.000126,0.000103,-0.000010
120,7,H,-0.000055,0.000040,-0.000002
120,8,O,-0.000068,-0.000002,0.000001
120,9,C,-0.000002,0.000001,0.000001
120,10,O,0.000074,-0.000001,-0.000002
120,11,N,-0.000057,0.000035,0.000088
120,12,H,-0.008666,-0.000252,-0.009176
120,13,H,-0.000017,0.000029,-0.000012
120,14,H,-0.000039,-0.000059,-0.000027
120,15,H,0.008724,0.000246,0.009128
120,16,C,-0.000022,-0.000000,0.000001
120,17,C,0.000033,0.000002,-0.000001
120,18,H,-0.000175,-0.000010,-0.000011
120,19,H,0.000193,0.000010,0.000011
120,20,Cl,0.000025,-0.000000,-0.000001
125,0,C,-0.000009,-0.000020,-0.000022
125,1,H,0.000033,0.000032,0.000028
125,2,H,0.000010,-0.000010,-0.000009
125,3,H,-0.000018,0.000014,-0.000016
125,4,H,-0.000016,-0.000017,0.000018
125,5,O,-0.000077,-0.000140,0.000011
125,6,H,0.000127,0.000103,-0.000010
125,7,H,-0.000054,0.000039,-0.000002
125,8,O,-0.000068,-0.000002,0.000001
125,9,C,-0.000001,0.000001,0.000001
125,10,O,0.000073,-0.000001,-0.000002
125,11,N,-0.000059,0.000036,0.000087
125,12,H,-0.008029,-0.000237,-0.008563
125,13,H,-0.000016,0.000028,-0.000012
125,14,H,-0.000038,-0.000058,-0.000027
125,15,H,0.008087,0.000230,0.008515
125,16,C,-0.000022,-0.000000,0.000001
125,17,C,0.000033,0.000002,-0.000001
125,18,H,-0.000156,-0.000010,-0.000011
125,19,H,0.000174,0.000009,0.000011
125,20,Cl,0.000026,-0.000000,-0.000001
130,0,C,-0.000009,-0.000021,-0.000022
130,1,H,0.000033,0.000033,0.000028
130,2,H,0.000010,-0.000009,-0.000008
130,3,H,-0.000018,0.000014,-0.000015
130,4,H,-0.000016,-0.000016,0.000018
130,5,O,-0.000078,-0.000140,0.000012
130,6,H,0.000127,0.000103,-0.000010
130,7,H,-0.000053,0.000039,-0.000002
130,8,O,-0.000068,-0.000002,0.000001
130,9,C,-0.000001,0.000001,0.000001
130,10,O,0.000073,-0.000001,-0.000002
130,11,N,-0.000060,0.000037,0.000087
130,12,H,-0.007420,-0.000223,-0.007972
130,13,H,-0.000015,0.000027,-0.000011
130,14,H,-0.000038,-0.000057,-0.000026
130,15,H,0.007478,0.000216,0.007922
130,16,C,-0.000022,-0.000000,0.000001
130,17,C,0.000032,0.000002,-0.000001
130,18,H,-0.000138,-0.000009,-0.000010
130,19,H,0.000155,0.000009,0.000010
130,20,Cl,0.000027,-0.000000,-0.000001
135,0,C,-0.000010,-0.000021,-0.000022
135,1,H,0.000034,0.000033,0.000028
135,2,H,0.000010,-0.000009,-0.000008
135,3,H,-0.000018,0.000013,-0.000015
135,4,H,-0.000016,-0.000016,0.000017
135,5,O,-0.000080,-0.000139,0.000012
135,6,H,0.000127,0.000103,-0.000011
135,7,H,-0.000051,0.000038,-0.000002
135,8,O,-0.000068,-0.000002,0.000001
135,9,C,-0.000000,0.000001,0.000001
135,10,O,0.000072,-0.000001,-0.000002
135,11,N,-0.000062,0.000038,0.000086
135,12,H,-0.006840,-0.000209,-0.007403
135,13,H,-0.000014,0.000025,-0.000011
135,14,H,-0.000037,-0.000056,-0.000026
135,15,H,0.006897,0.000201,0.007353
135,16,C,-0.000021,-0.000000,0.000001
135,17,C,0.000032,0.000002,-0.000001
135,18,H,-0.000121,-0.000009,-0.000009
135,19,H,0.000138,0.000008,0.000010
135,20,Cl,0.000029,-0.000000,-0.000001
140,0,C,-0.000011,-0.000022,-0.000022
140,1,H,0.000034,0.000033,0.000028
140,2,H,0.000009,-0.000009,-0.000008
140,3,H,-0.000018,0.000013,-0.000015
140,4,H,-0.000015,-0.000015,0.000017
140,5,O,-0.000081,-0.000138,0.000013
140,6,H,0.000127,0.000103,-0.000011
140,7,H,-0.000050,0.000037,-0.000002
140,8,O,-0.000068,-0.000002,0.000001
140,9,C,-0.000000,0.000001,0.000001
140,10,O,0.000072,-0.000001,-0.000002
140,11,N,-0.000064,0.000038,0.000086
140,12,H,-0.006290,-0.000196,-0.006860
140,13,H,-0.000014,0.000024,-0.000010
140,14,H,-0.000037,-0.000055,-0.000025
140,15,H,0.006347,0.000188,0.006809
140,16,C,-0.000021,-0.000000,0.000001
140,17,C,0.000032,0.000002,-0.000001
140,18,H,-0.000105,-0.000008,-0.000009
140,19,H,0.000122,0.000008,0.000009
140,20,Cl,0.000030,-0.000000,-0.000001
145,0,C,-0.000011,-0.000023,-0.000023
145,1,H,0.000034,0.000033,0.000028
145,2,H,0.000009,-0.000008,-0.000008
145,3,H,-0.000017,0.000013,-0.000015
145,4,H,-0.000015,-0.000015,0.000016
145,5,O,-0.000082,-0.000136,0.000013
145,6,H,0.000126,0.000103,-0.000012
145,7,H,-0.000049,0.000036,-0.000002
145,8,O,-0.000068,-0.000002,0.000001
145,9,C,0.000000,0.000001,0.000001
145,10,O,0.000072,-0.000001,-0.000002
145,11,N,-0.000065,0.000039,0.000085
145,12,H,-0.005770,-0.000183,-0.006342
145,13,H,-0.000013,0.000023,-0.000010
145,14,H,-0.000036,-0.000054,-0.000025
145,15,H,0.005827,0.000174,0.006291
145,16,C,-0.000021,-0.000000,0.000001
145,17,C,0.000031,0.000002,-0.000001
145,18,H,-0.000091,-0.000008,-0.000008
145,19,H,0.000107,0.000007,0.000008
145,20,Cl,0.000031,-0.000000,-0.000001
150,0,C,-0.000012,-0.000023,-0.000023
150,1,H,0.000034,0.000033,0.000028
150,2,H,0.000009,-0.000008,-0.000007
150,3,H,-0.000017,0.000012,-0.000014
150,4,H,-0.000014,-0.000015,0.000016
150,5,O,-0.000082,-0.000135,0.000013
150,6,H,0.000126,0.000102,-0.000012
150,7,H,-0.000048,0.000035,-0.000002
150,8,O,-0.000068,-0.000002,0.000001
150,9,C,0.000001,0.000001,0.000001
150,10,O,0.000071,-0.000001,-0.000002
150,11,N,-0.000067,0.000039,0.000085
150,12,H,-0.005281,-0.000170,-0.005851
150,13,H,-0.000012,0.000022,-0.000009
150,14,H,-0.000036,-0.000053,-0.000024
150,15,H,0.005338,0.000162,0.005800
150,16,C,-0.000020,-0.000000,0.000001
150,17,C,0.000031,0.000002,-0.000001
150,18,H,-0.000077,-0.000007,-0.000008
150,19,H,0.000093,0.000007,0.000008
150,20,Cl,0.000032,-0.000001,-0.000001
155,0,C,-0.000012,-0.000024,-0.000023
155,1,H,0.000035,0.000033,0.000028
155,2,H,0.000009,-0.000008,-0.000007
155,3,H,-0.000017,0.000012,-0.000014
155,4,H,-0.000014,-0.000014,0.000016
155,5,O,-0.000083,-0.000134,0.000014
155,6,H,0.000125,0.000102,-0.000012
155,7,H,-0.000046,0.000034,-0.000002
155,8,O,-0.000068,-0.000002,0.000001
155,9,C,0.000001,0.000001,0.000001
155,10,O,0.000071,-0.000001,-0.000002
155,11,N,-0.000068,0.000040,0.000084
155,12,H,-0.004823,-0.000158,-0.005387
155,13,H,-0.000012,0.000020,-0.000009
155,14,H,-0.000035,-0.000052,-0.000024
155,15,H,0.004879,0.000149,0.005336
155,16,C,-0.000019,-0.000000,0.000001
155,17,C,0.000030,0.000002,-0.000001
155,18,H,-0.000065,-0.000007,-0.000007
155,19,H,0.000080,0.000006,0.000008
155,20,Cl,0.000034,-0.000001,-0.000001
160,0,C,-0.000013,-0.000024,-0.000023
160,1,H,0.000035,0.000033,0.000028
160,2,H,0.000008,-0.000008,-0.000007
160,3,H,-0.000017,0.000012,-0.000014
160,4,H,-0.000014,-0.000014,0.000015
160,5,O,-0.000084,-0.000132,0.000014
160,6,H,0.000125,0.000101,-0.000013
160,7,H,-0.000045,0.000033,-0.000002
160,8,O,-0.000068,-0.000002,0.000001
160,9,C,0.000001,0.000001,0.000001
160,10,O,0.000070,-0.000001,-0.000002
160,11,N,-0.000070,0.000040,0.000084
160,12,H,-0.004394,-0.000147,-0.004950
160,13,H,-0.000011,0.000019,-0.000008
160,14,H,-0.000035,-0.000051,-0.000023
160,15,H,0.004449,0.000138,0.004898
160,16,C,-0.000019,-0.000000,0.000001
160,17,C,0.000030,0.000002,-0.000001
160,18,H,-0.000053,-0.000007,-0.000007
160,19,H,0.000068,0.000006,0.000007
160,20,Cl,0.000035,-0.000001,-0.000001
165,0,C,-0.000013,-0.000024,-0.000023
165,1,H,0.000035,0.000034,0.000028
165,2,H,0.000008,-0.000007,-0.000006
165,3,H,-0.000016,0.000011,-0.000013
165,4,H,-0.000013,-0.000013,0.000015
165,5,O,-0.000084,-0.000131,0.000014
165,6,H,0.000124,0.000101,-0.000013
165,7,H,-0.000044,0.000032,-0.000002
165,8,O,-0.000068,-0.000002,0.000001
165,9,C,0.000002,0.000001,0.000001
165,10,O,0.000070,-0.000001,-0.000002
165,11,N,-0.000072,0.000040,0.000084
165,12,H,-0.003994,-0.000137,-0.004540
165,13,H,-0.000011,0.000018,-0.000008
165,14,H,-0.000034,-0.000050,-0.000023
165,15,H,0.004049,0.000127,0.004488
165,16,C,-0.000018,-0.000000,0.000001
165,17,C,0.000029,0.000002,-0.000001
165,18,H,-0.000043,-0.000006,-0.000006
165,19,H,0.000057,0.000006,0.000007
165,20,Cl,0.000037,-0.000001,-0.000001
170,0,C,-0.000014,-0.000025,-0.000023
170,1,H,0.000035,0.000034,0.000028
170,2,H,0.000008,-0.000007,-0.000006
170,3,H,-0.000016,0.000011,-0.000013
170,4,H,-0.000013,-0.000013,0.000014
170,5,O,-0.000084,-0.000129,0.000015
170,6,H,0.000123,0.000100,-0.000013
170,7,H,-0.000043,0.000031,-0.000002
170,8,O,-0.000068,-0.000002,0.000001
170,9,C,0.000002,0.000001,0.000001
170,10,O,0.000070,-0.000001,-0.000002
170,11,N,-0.000073,0.000040,0.000083
170,12,H,-0.003623,-0.000126,-0.004156
170,13,H,-0.000010,0.000017,-0.000007
170,14,H,-0.000034,-0.000049,-0.000022
170,15,H,0.003677,0.000116,0.004103
170,16,C,-0.000017,0.000000,0.000001
170,17,C,0.000028,0.000002,-0.000001
170,18,H,-0.000033,-0.000006,-0.000006
170,19,H,0.000046,0.000005,0.000006
170,20,Cl,0.000038,-0.000001,-0.000001
175,0,C,-0.000014,-0.000025,-0.000023
175,1,H,0.000035,0.000034,0.000028
175,2,H,0.000007,-0.000007,-0.000006
175,3,H,-0.000016,0.000011,-0.000013
175,4,H,-0.000012,-0.000013,0.000014
175,5,O,-0.000085,-0.000127,0.000015
175,6,H,0.000122,0.000099,-0.000014
175,7,H,-0.000042,0.000030,-0.000002
175,8,O,-0.000067,-0.000002,0.000001
175,9,C,0.000003,0.000001,0.000001
175,10,O,0.000069,-0.000001,-0.000002
175,11,N,-0.000075,0.000041,0.000083
175,12,H,-0.003278,-0.000117,-0.003798
175,13,H,-0.000009,0.000016,-0.000007
175,14,H,-0.000033,-0.000048,-0.000022
175,15,H,0.003331,0.000107,0.003744
175,16,C,-0.000017,0.000000,0.000001
175,17,C,0.000027,0.000002,-0.000001
175,18,H,-0.000023,-0.000006,-0.000006
175,19,H,0.000036,0.000005,0.000006
175,20,Cl,0.000040,-0.000001,-0.000001
180,0,C,-0.000015,-0.000025,-0.000023
180,1,H,0.000035,0.000033,0.000028
180,2,H,0.000007,-0.000007,-0.000006
180,3,H,-0.000015,0.000010,-0.000012
180,4,H,-0.000012,-0.000012,0.000014
180,5,O,-0.000085,-0.000126,0.000015
180,6,H,0.000121,0.000099,-0.000014
180,7,H,-0.000040,0.000029,-0.000002
180,8,O,-0.000067,-0.000002,0.000001
180,9,C,0.000003,0.000001,0.000001
180,10,O,0.000069,-0.000001,-0.000002
180,11,N,-0.000076,0.000041,0.000083
180,12,H,-0.002959,-0.000108,-0.003464
180,13,H,-0.000009,0.000016,-0.000006
180,14,H,-0.000032,-0.000047,-0.000021
180,15,H,0.003011,0.000097,0.003410
180,16,C,-0.000016,0.000000,0.000001
180,17,C,0.000027,0.000003,-0.000001
180,18,H,-0.000015,-0.000005,-0.000005
180,19,H,0.000027,0.000005,0.000006
180,20,Cl,0.000042,-0.000001,-0.000002
185,0,C,-0.000015,-0.000026,-0.000023
185,1,H,0.000035,0.000033,0.000028
185,2,H,0.000007,-0.000006,-0.000005
185,3,H,-0.000015,0.000010,-0.000012
185,4,H,-0.000012,-0.000012,0.000013
185,5,O,-0.000085,-0.000124,0.000015
185,6,H,0.000120,0.000098,-0.000014
185,7,H,-0.000039,0.000028,-0.000002
185,8,O,-0.000067,-0.000002,0.000001
185,9,C,0.000003,0.000001,0.000001
185,10,O,0.000068,-0.000001,-0.000002
185,11,N,-0.000078,0.000041,0.000083
185,12,H,-0.002665,-0.000100,-0.003154
185,13,H,-0.000008,0.000015,-0.000006
185,14,H,-0.000032,-0.000046,-0.000021
185,15,H,0.002717,0.000089,0.003100
185,16,C,-0.000015,0.000000,0.000001
185,17,C,0.000026,0.000003,-0.000001
185,18,H,-0.000007,-0.000005,-0.000005
185,19,H,0.000018,0.000005,0.000006
185,20,Cl,0.000044,-0.000001,-0.000002
190,0,C,-0.000016,-0.000026,-0.000023
190,1,H,0.000035,0.000033,0.000027
190,2,H,0.000007,-0.000006,-0.000005
190,3,H,-0.000015,0.000010,-0.000012
190,4,H,-0.000011,-0.000011,0.000013
190,5,O,-0.000085,-0.000122,0.000016
190,6,H,0.000118,0.000097,-0.000014
190,7,H,-0.000038,0.000027,-0.000002
190,8,O,-0.000067,-0.000002,0.000001
190,9,C,0.000003,0.000001,0.000001
190,10,O,0.000068,-0.000001,-0.000002
190,11,N,-0.000079,0.000041,0.000082
190,12,H,-0.002395,-0.000092,-0.002868
190,13,H,-0.000008,0.000014,-0.000006
190,14,H,-0.000031,-0.000044,-0.000020
190,15,H,0.002445,0.000081,0.002812
190,16,C,-0.000014,0.000000,0.000001
190,17,C,0.000025,0.000003,-0.000001
190,18,H,0.000001,-0.000005,-0.000005
190,19,H,0.000010,0.000004,0.000005
190,20,Cl,0.000046,-0.000001,-0.000002
195,0,C,-0.000016,-0.000026,-0.000023
195,1,H,0.000035,0.000033,0.000027
195,2,H,0.000006,-0.000006,-0.000005
195,3,H,-0.000014,0.000010,-0.000011
195,4,H,-0.000011,-0.000011,0.000013
195,5,O,-0.000084,-0.000120,0.000016
195,6,H,0.000117,0.000095,-0.000014
195,7,H,-0.000037,0.000026,-0.000002
195,8,O,-0.000067,-0.000002,0.000001
195,9,C,0.000004,0.000001,0.000001
195,10,O,0.000068,-0.000001,-0.000002
195,11,N,-0.000081,0.000041,0.000082
195,12,H,-0.002146,-0.000085,-0.002603
195,13,H,-0.000008,0.000013,-0.000005
195,14,H,-0.000031,-0.000043,-0.000020
195,15,H,0.002196,0.000073,0.002547
195,16,C,-0.000013,0.000000,0.000001
195,17,C,0.000024,0.000003,-0.000001
195,18,H,0.000008,-0.000005,-0.000004
195,19,H,0.000002,0.000004,0.000005
195,20,Cl,0.000048,-0.000001,-0.000002
200,0,C,-0.000016,-0.000026,-0.000023
200,1,H,0.000035,0.000033,0.000027
200,2,H,0.000006,-0.000006,-0.000005
200,3,H,-0.000014,0.000009,-0.000011
200,4,H,-0.000011,-0.000011,0.000012
200,5,O,-0.000084,-0.000118,0.000016
200,6,H,0.000115,0.000094,-0.000015
200,7,H,-0.000036,0.000025,-0.000002
200,8,O,-0.000067,-0.000002,0.000001
200,9,C,0.000004,0.000001,0.000001
200,10,O,0.000067,-0.000001,-0.000002
200,11,N,-0.000082,0.000040,0.000082
200,12,H,-0.001919,-0.000079,-0.002359
200,13,H,-0.000007,0.000012,-0.000005
200,14,H,-0.000030,-0.000042,-0.000019
200,15,H,0.001968,0.000066,0.002303
200,16,C,-0.000011,0.000000,0.000000
200,17,C,0.000022,0.000003,-0.000000
200,18,H,0.000014,-0.000004,-0.000004
200,19,H,-0.000005,0.000004,0.000005
200,20,Cl,0.000051,-0.000001,-0.000002
205,0,C,-0.000017,-0.000026,-0.000023
205,1,H,0.000035,0.000033,0.000027
205,2,H,0.000006,-0.000005,-0.000005
205,3,H,-0.000014,0.000009,-0.000011
205,4,H,-0.000010,-0.000010,0.000012
205,5,O,-0.000083,-0.000116,0.000016
205,6,H,0.000114,0.000093,-0.000015
205,7,H,-0.000034,0.000025,-0.000002
205,8,O,-0.000067,-0.000002,0.000001
205,9,C,0.000004,0.000001,0.000001
205,10,O,0.000067,-0.000001,-0.000002
205,11,N,-0.000084,0.000040,0.000082
205,12,H,-0.001711,-0.000073,-0.002136
205,13,H,-0.000007,0.000012,-0.000005
205,14,H,-0.000029,-0.000041,-0.000019
205,15,H,0.001759,0.000060,0.002079
205,16,C,-0.000010,0.000000,0.000000
205,17,C,0.000021,0.000003,-0.000000
205,18,H,0.000020,-0.000004,-0.000004
205,19,H,-0.000012,0.000004,0.000005
205,20,Cl,0.000053,-0.000001,-0.000002
210,0,C,-0.000017,-0.000026,-0.000023
210,1,H,0.000034,0.000033,0.000026
210,2,H,0.000006,-0.000005,-0.000004
210,3,H,-0.000013,0.000009,-0.000010
210,4,H,-0.000010,-0.000010,0.000011
210,5,O,-0.000083,-0.000113,0.000016
210,6,H,0.000112,0.000092,-0.000015
210,7,H,-0.000033,0.000024,-0.000002
210,8,O,-0.000067,-0.000002,0.000001
210,9,C,0.000005,0.000001,0.000001
210,10,O,0.000066,-0.000001,-0.000002
210,11,N,-0.000085,0.000040,0.000082
210,12,H,-0.001523,-0.000067,-0.001931
210,13,H,-0.000006,0.000011,-0.000004
210,14,H,-0.000028,-0.000040,-0.000018
210,15,H,0.001569,0.000054,0.001873
210,16,C,-0.000009,0.000000,0.000000
210,17,C,0.000020,0.000003,-0.000000
210,18,H,0.000025,-0.000004,-0.000004
210,19,H,-0.000018,0.000004,0.000005
210,20,Cl,0.000056,-0.000001,-0.000002
215,0,C,-0.000017,-0.000026,-0.000023
215,1,H,0.000034,0.000032,0.000026
215,2,H,0.000006,-0.000005,-0.000004
215,3,H,-0.000013,0.000008,-0.000010
215,4,H,-0.000009,-0.000010,0.000011
215,5,O,-0.000082,-0.000111,0.000016
215,6,H,0.000110,0.000090,-0.000015
215,7,H,-0.000032,0.000023,-0.000002
215,8,O,-0.000067,-0.000002,0.000001
215,9,C,0.000005,0.000001,0.000001
215,10,O,0.000066,-0.000001,-0.000002
215,11,N,-0.000087,0.000040,0.000082
215,12,H,-0.001351,-0.000062,-0.001744
215,13,H,-0.000006,0.000010,-0.000004
215,14,H,-0.000028,-0.000039,-0.000018
215,15,H,0.001396,0.000049,0.001686
215,16,C,-0.000007,0.000000,0.000000
215,17,C,0.000019,0.000003,-0.000000
215,18,H,0.000029,-0.000004,-0.000004
215,19,H,-0.000025,0.000004,0.000005
215,20,Cl,0.000058,-0.000001,-0.000003
220,0,C,-0.000018,-0.000026,-0.000023
220,1,H,0.000034,0.000032,0.000026
220,2,H,0.000005,-0.000005,-0.000004
220,3,H,-0.000013,0.000008,-0.000010
220,4,H,-0.000009,-0.000009,0.000011
220,5,O,-0.000081,-0.000109,0.000016
220,6,H,0.000108,0.000089,-0.000015
220,7,H,-0.000031,0.000022,-0.000001
220,8,O,-0.000067,-0.000002,0.000001
220,9,C,0.000005,0.000001,0.000001
220,10,O,0.000066,-0.000001,-0.000002
220,11,N,-0.000088,0.000040,0.000082
220,12,H,-0.001195,-0.000058,-0.001573
220,13,H,-0.000006,0.000010,-0.000004
220,14,H,-0.000027,-0.000038,-0.000017
220,15,H,0.001239,0.000043,0.001515
220,16,C,-0.000006,0.000000,-0.000000
220,17,C,0.000018,0.000003,-0.000000
220,18,H,0.000034,-0.000004,-0.000004
220,19,H,-0.000030,0.000004,0.000005
220,20,Cl,0.000061,-0.000002,-0.000003
225,0,C,-0.000018,-0.000026,-0.000023
225,1,H,0.000034,0.000032,0.000025
225,2,H,0.000005,-0.000004,-0.000004
225,3,H,-0.000012,0.000008,-0.000009
225,4,H,-0.000009,-0.000009,0.000010
225,5,O,-0.000081,-0.000106,0.000016
225,6,H,0.000106,0.000087,-0.000015
225,7,H,-0.000030,0.000021,-0.000001
225,8,O,-0.000066,-0.000002,0.000001
225,9,C,0.000005,0.000001,0.000001
225,10,O,0.000065,-0.000001,-0.000002
225,11,N,-0.000089,0.000040,0.000082
225,12,H,-0.001055,-0.000053,-0.001418
225,13,H,-0.000005,0.000009,-0.000004
225,14,H,-0.000026,-0.000036,-0.000017
225,15,H,0.001097,0.000039,0.001359
225,16,C,-0.000004,0.000001,-0.000000
225,17,C,0.000017,0.000004,-0.000000
225,18,H,0.000038,-0.000004,-0.000004
225,19,H,-0.000036,0.000004,0.000005
225,20,Cl,0.000064,-0.000002,-0.000003
230,0,C,-0.000018,-0.000026,-0.000022
230,1,H,0.000033,0.000032,0.000025
230,2,H,0.000005,-0.000004,-0.000004
230,3,H,-0.000012,0.000007,-0.000009
230,4,H,-0.000008,-0.000009,0.000010
230,5,O,-0.000080,-0.000104,0.000016
230,6,H,0.000104,0.000086,-0.000015
230,7,H,-0.000029,0.000020,-0.000001
230,8,O,-0.000066,-0.000002,0.000002
230,9,C,0.000006,0.000001,0.000001
230,10,O,0.000065,-0.000001,-0.000002
230,11,N,-0.000091,0.000039,0.000082
230,12,H,-0.000927,-0.000050,-0.001277
230,13,H,-0.000005,0.000009,-0.000004
230,14,H,-0.000026,-0.000035,-0.000016
230,15,H,0.000968,0.000035,0.001218
230,16,C,-0.000003,0.000001,-0.000000
230,17,C,0.000016,0.000004,-0.000000
230,18,H,0.000041,-0.000004,-0.000004
230,19,H,-0.000041,0.000004,0.000005
230,20,Cl,0.000067,-0.000002,-0.000003
235,0,C,-0.000018,-0.000026,-0.000022
235,1,H,0.000033,0.000031,0.000025
235,2,H,0.000005,-0.000004,-0.000003
235,3,H,-0.000012,0.000007,-0.000009
235,4,H,-0.000008,-0.000008,0.000010
235,5,O,-0.000079,-0.000102,0.000016
235,6,H,0.000102,0.000084,-0.000015
235,7,H,-0.000028,0.000020,-0.000001
235,8,O,-0.000066,-0.000002,0.000002
235,9,C,0.000006,0.000001,0.000001
235,10,O,0.000065,-0.000001,-0.000002
235,11,N,-0.000092,0.000039,0.000082
235,12,H,-0.000812,-0.000046,-0.001150
235,13,H,-0.000005,0.000008,-0.000003
235,14,H,-0.000025,-0.000034,-0.000016
235,15,H,0.000852,0.000031,0.001089
235,16,C,-0.000001,0.000001,-0.000001
235,17,C,0.000015,0.000004,-0.000000
235,18,H,0.000045,-0.000004,-0.000004
235,19,H,-0.000047,0.000004,0.000005
235,20,Cl,0.000070,-0.000002,-0.000003
240,0,C,-0.000018,-0.000026,-0.000022
240,1,H,0.000033,0.000031,0.000024
240,2,H,0.000004,-0.000004,-0.000003
240,3,H,-0.000011,0.000007,-0.000008
240,4,H,-0.000008,-0.000008,0.000009
240,5,O,-0.000077,-0.000099,0.000016
240,6,H,0.000100,0.000083,-0.000015
240,7,H,-0.000027,0.000019,-0.000001
240,8,O,-0.000066,-0.000002,0.000002
240,9,C,0.000006,0.000001,0.000001
240,10,O,0.000064,-0.000001,-0.000002
240,11,N,-0.000093,0.000039,0.000082
240,12,H,-0.000709,-0.000043,-0.001034
240,13,H,-0.000004,0.000008,-0.000003
240,14,H,-0.000024,-0.000033,-0.000015
240,15,H,0.000746,0.000027,0.000973
240,16,C,0.000001,0.000001,-0.000001
240,17,C,0.000014,0.000004,-0.000000
240,18,H,0.000048,-0.000004,-0.000004
240,19,H,-0.000052,0.000004,0.000005
240,20,Cl,0.000073,-0.000002,-0.000004
245,0,C,-0.000018,-0.000026,-0.000022
245,1,H,0.000032,0.000030,0.000024
245,2,H,0.000004,-0.000004,-0.000003
245,3,H,-0.000011,0.000007,-0.000008
245,4,H,-0.000008,-0.000008,0.000009
245,5,O,-0.000076,-0.000097,0.000016
245,6,H,0.000098,0.000081,-0.000015
245,7,H,-0.000026,0.000018,-0.000001
245,8,O,-0.000066,-0.000002,0.000002
245,9,C,0.000006,0.000001,0.000001
245,10,O,0.000064,-0.000001,-0.000003
245,11,N,-0.000094,0.000038,0.000082
245,12,H,-0.000616,-0.000040,-0.000930
245,13,H,-0.000004,0.000007,-0.000003
245,14,H,-0.000024,-0.000032,-0.000015
245,15,H,0.000652,0.000024,0.000869
245,16,C,0.000003,0.000001,-0.000001
245,17,C,0.000013,0.000004,0.000000
245,18,H,0.000051,-0.000004,-0.000004
245,19,H,-0.000057,0.000004,0.000005
245,20,Cl,0.000077,-0.000002,-0.000004
250,0,C,-0.000018,-0.000025,-0.000021
250,1,H,0.000032,0.000030,0.000023
250,2,H,0.000004,-0.000004,-0.000003
250,3,H,-0.000010,0.000006,-0.000008
250,4,H,-0.000007,-0.000007,0.000009
250,5,O,-0.000075,-0.000094,0.000016
250,6,H,0.000095,0.000079,-0.000015
250,7,H,-0.000025,0.000017,-0.000001
250,8,O,-0.000066,-0.000002,0.000002
250,9,C,0.000007,0.000001,0.000002
250,10,O,0.000063,-0.000001,-0.000003
250,11,N,-0.000095,0.000038,0.000082
250,12,H,-0.000533,-0.000038,-0.000836
250,13,H,-0.000004,0.000007,-0.000003
250,14,H,-0.000023,-0.000031,-0.000014
250,15,H,0.000566,0.000021,0.000775
250,16,C,0.000005,0.000001,-0.000001
250,17,C,0.000012,0.000004,0.000000
250,18,H,0.000054,-0.000004,-0.000004
250,19,H,-0.000062,0.000004,0.000006
250,20,Cl,0.000080,-0.000002,-0.000004
